,CNN-based model adadelta,CNN-based model adam,CNN-based model rmsprop,vConv-based model adadelta,vConv-based model adam,vConv-based model rmsprop
0,0.5993288814320159,0.5523950266114068,0.5518839098212203,0.6993188813209036,0.7040967121856909,0.7116412404582273
1,0.6069734108156757,0.5506727852531694,0.538972655251725,0.6891409904554495,0.6839187102078912,0.6951410571228569
2,0.5925065834064823,0.5152057245080501,0.5599506661185124,0.6550517227969199,0.7046744963832933,0.7133523705818954
3,0.5516950188335425,0.5656507294525495,0.5248613873487483,0.7162190691007678,0.6363959599551106,0.6932521472460806
4,0.6169179657551751,0.5399004433382594,0.6011400126668074,0.6735408171201902,0.68118534650385,0.6834742608251203
5,0.5382837587084301,0.4994833275925288,0.5692174357492861,0.698729985888732,0.6844409382326471,0.6629740330448115
6,0.6031844798275536,0.5318614651273903,0.5306947854976166,0.7021744686052067,0.6975188613206813,0.734052600584451
7,0.5229946999411105,0.5226280292003245,0.6169624106934521,0.6934410382337581,0.7194302158912877,0.7184968721874687
8,0.6271291903243369,0.626729185879843,0.571984133157035,0.7048189424326938,0.7225858065089612,0.729008100090001
9,0.4990611006788964,0.5428504761164014,0.6014400160001778,0.7234635940399338,0.6840520450227225,0.7071745241613796
10,0.5328281425349171,0.5168724096934411,0.5328281425349171,0.7324081378681986,0.6720519116879076,0.6405515616840187
11,0.5126056956188402,0.5566284069822998,0.5558061756241737,0.7110412337914865,0.7178857542861588,0.678496427738086
12,0.4862165135168169,0.5916954632829254,0.5901954466160735,0.6789742108245648,0.725341392682141,0.721796908854543
13,0.6112845698285536,0.5889176546406071,0.5746397182190913,0.7122412471249681,0.7006077845309392,0.6074289714330159
14,0.552439471549684,0.5717507972310804,0.47340526005844513,0.7203857820642452,0.6615295725508062,0.6698629984777609
15,0.5344114934610384,0.5139834887054301,0.5721174679718665,0.6530294781053123,0.718430204780053,0.6954299492216581
16,0.6701407793419927,0.636695963288481,0.5213946821631351,0.7256191735463728,0.5272280803120035,0.6313625706952299
17,0.6877076411960134,0.5821509127879199,0.5778841987133191,0.6978299758886211,0.6904410049000544,0.6960744008266759
18,0.5022055800620007,0.6025400282225358,0.6173957488416538,0.7494861054011712,0.6913521261347347,0.6961521794686607
19,0.6091067678529761,0.46888298758875097,0.6485960955121723,0.7188968766319626,0.7038189313214591,0.7320525783619818
20,0.6578184202046689,0.5766841853798376,0.6299625551395016,0.7137301525572507,0.7225746952743919,0.631851465016278
21,0.6204846720519117,0.6242847142746031,0.5700841120456894,0.639829331437016,0.7183524261380683,0.7107745641618242
22,0.6241291569906333,0.5659618440204892,0.6428071423015811,0.7298525539172658,0.7079078656429516,0.6839187102078913
23,0.6636184846498294,0.6160735119279103,0.5998288869876331,0.704707830087001,0.6671185235391505,0.6651073900821121
24,0.6532850365004055,0.6609962332914809,0.627051411682352,0.728441427126968,0.7299525550283892,0.6826853631707019
25,0.6394404382270913,0.6594851053900599,0.63824042489361,0.7043744930499228,0.7033189257658418,0.6898409982333137
26,0.6727519194657718,0.6562072911921244,0.5140723785819842,0.6254402826698073,0.663029589217658,0.7364859609551219
27,0.6807964532939255,0.6569406326736964,0.6729408104534496,0.7053189479883109,0.7093412149023878,0.6262291803242258
28,0.6026844742719364,0.4998833320370227,0.6210846787186524,0.6963521816909076,0.668074089712108,0.7227858087312081
29,0.6324736941521572,0.5898398871098568,0.6587295414393493,0.7623640262669585,0.7219302436693741,0.7411637907087856
30,0.6306070067445194,0.6576517516861299,0.651140568228536,0.7150190557672863,0.720052445027167,0.70426338070423
31,0.6811186790964344,0.6200846676074179,0.6365181835353726,0.7075634173713041,0.7301303347814977,0.7172857476194181
32,0.6601517794642163,0.6621406904521161,0.6301625573617484,0.731485905398949,0.7263969599662219,0.6841742686029844
33,0.6700963344037156,0.6482738697096636,0.5777175301947799,0.7062522916921299,0.7192079911999023,0.6946632740363783
34,0.6584073156368404,0.6404960055111723,0.6672296358848432,0.7208635651507238,0.6762964032933699,0.7524750275003056
35,0.6975744174935278,0.6450738341537128,0.5368059645107168,0.719319103545595,0.7070745230502561,0.6757297303303371
36,0.6828298092201025,0.6385182057578418,0.5752397248858321,0.7309525661396238,0.7226746963855154,0.7296747741641574
37,0.6502738919321326,0.6729296992188802,0.6247069411882354,0.7231524794719941,0.7172857476194181,0.6221735797064412
38,0.6278847542750475,0.6593962155135057,0.6406626740297114,0.7247636084845388,0.738408204535606,0.7178524205824509
39,0.6905076723074701,0.6733074811942354,0.6501405571173013,0.7248747208302314,0.7290969899665551,0.6474183046478293
40,0.6723741374904166,0.6547628306981189,0.6706852298358871,0.7759752886143181,0.7200746674963054,0.672963032922588
41,0.683707596751075,0.6676629740330449,0.6401960021778019,0.7106745630507005,0.7430415893509928,0.6635407060078446
42,0.6432738141534906,0.6380070889676552,0.6475960844009379,0.7160857342859366,0.7262969588550984,0.6457071745241614
43,0.6857520639118213,0.6823964710719008,0.636940410449005,0.6846409404548939,0.7227746974966389,0.7111523461371793
44,0.687163190702119,0.6186957632862587,0.6517961310681228,0.6895187724308047,0.6624518050200559,0.7124190268780763
45,0.6510961232902588,0.5979621995799953,0.6928076978633096,0.7205857842864922,0.7088745430504784,0.7080189779886443
46,0.6918854653940598,0.6533517039078212,0.6383848709430104,0.7082745363837376,0.6675296392182135,0.6321403571150791
47,0.6267625195835509,0.6184846498294425,0.6751408348981655,0.722163579595329,0.6586962077356415,0.7180413115701285
48,0.6486516516850187,0.5052556139512662,0.6714407937865976,0.7547417193524374,0.6885632062578473,0.6439515994622163
49,0.6074845276058622,0.5224502494472161,0.5592506583406482,0.705885620951344,0.6944521605795619,0.616873520816898
50,0.6771630795897733,0.6284625384726497,0.6546739408215646,0.7819309103434483,0.6587073189702108,0.6633073700818898
51,0.5869954110601229,0.6369959666218514,0.6215069056322848,0.7111301236680407,0.6077623084700942,0.6579073100812232
52,0.6765741841576018,0.7089078767541861,0.6189735441504906,0.7247747197191078,0.7354081712019022,0.7146746074956389
53,0.62005133390371,0.5400615562395138,0.6015844620495783,0.7708752319470218,0.7246413849042767,0.6632407026744741
54,0.6737185968732984,0.6580739785997621,0.6031067011855686,0.7753641707130079,0.6451849464994056,0.6776964188490983
55,0.641129345881621,0.6261180679785331,0.6477071967466306,0.6833964821831354,0.6855520616895743,0.7352637251525017
56,0.5956955077278636,0.6759297325525839,0.6449849442771586,0.7597639973777487,0.7174190824342492,0.7080634229269215
57,0.690296558850654,0.5988510983455372,0.6230847009411216,0.7460082889809887,0.6712407915643507,0.6662740697118856
58,0.6906076734185935,0.6269514105712285,0.4677774197491083,0.720785786508739,0.7115079056433959,0.7019522439138213
59,0.6621406904521161,0.6373070811897911,0.6462627362526251,0.7273969710774566,0.694085489838776,0.6790186557628418
60,0.703452260580673,0.5936399293325482,0.6337737085967622,0.7263080700896677,0.7020744674940833,0.6434404826720297
61,0.6740741563795153,0.621718019089101,0.6550628340314892,0.7337859309547884,0.6749186102067801,0.68500761119568
62,0.6370737452638363,0.5911621240236002,0.5956177290858787,0.6979299769997444,0.7051189457660642,0.7201302236691519
63,0.7085634284825387,0.6569184102045578,0.6039178213091256,0.7100412226802519,0.6555850620562451,0.7089634329270325
64,0.7056300625562507,0.585006500072223,0.6134401493349927,0.5927065856287292,0.6239624884720942,0.6453738374870832
65,0.5818064645162724,0.6123401371126346,0.5117390193224369,0.6555739508216758,0.6533183702041134,0.6509405660062889
66,0.6997633307036745,0.6359515105723397,0.5603506705630062,0.7033967044078266,0.6282180913121257,0.5726396959966222
67,0.7163524039155991,0.6190402115579062,0.48317759086212075,0.7350081667574084,0.6882520916899076,0.6435182613140146
68,0.7059189546550517,0.6238624873609706,0.4557161746241625,0.7512750141668241,0.7226635851509462,0.5967732974810832
69,0.6442182690918788,0.622084689829887,0.6488183202035578,0.6786519850220558,0.6677185302058911,0.7055189502105579
70,0.7095856620629117,0.6124845831620351,0.7173413037922642,0.7366081845353838,0.6639407104523383,0.6952966144068268
71,0.6540628229202546,0.4680052000577784,0.466849631662574,0.6041067122968033,0.6894409937888198,0.6077845309392327
72,0.6966744074934166,0.6546739408215647,0.7065078500872233,0.7228080312003468,0.6889409882332025,0.6058178424204713
73,0.7230524783608707,0.62998477760864,0.60201780019778,0.6163624040267114,0.6566961855131723,0.6621962466249625
74,0.5916843520483561,0.6796631073678596,0.6613851265014057,0.7407193413260147,0.6896521072456361,0.7141301570017444
75,0.6742408248980545,0.561684018711319,0.5953177257525084,0.7285080945343836,0.7101078900876676,0.600917787975422
76,0.5918176868631874,0.6475516394626607,0.47222746919410213,0.720985788730986,0.6854298381093124,0.7181524239158213
77,0.6722852476138623,0.6346292736585962,0.5924843609373437,0.603773375259725,0.6696629962555138,0.6950521672463027
78,0.6685740952677252,0.6018400204446717,0.6216513516816853,0.7490972121912467,0.5987733197035522,0.5723952488360982
79,0.5473727485860953,0.6595184390937677,0.5476505294503272,0.7411082345359393,0.6931965910732342,0.6307847864976278
80,0.6016289069878554,0.5547061634018156,0.6325403615595728,0.7367304081156456,0.6625962510694563,0.6329848109423438
81,0.515039055989511,0.6366292958810653,0.6459849553883933,0.6177179746441627,0.6530850342781587,0.6337737085967622
82,0.642762697363304,0.5133168146312737,0.5113945710507894,0.7386637629306994,0.5998399982222025,0.6494627718085757
83,0.6597517750197224,0.5339837109301214,0.5838287092078801,0.6912632362581808,0.6032289247658307,0.6190513227924754
84,0.6388182090912121,0.5890287669862999,0.5316059067322971,0.6807853420593563,0.6614295714396827,0.6810075667507417
85,0.6182846476071956,0.654073934154824,0.603684485383171,0.6141957132857031,0.6957410637895978,0.5987510972344137
86,0.6690407671196347,0.5097612195691064,0.45677174190824343,0.6172513027922533,0.6012511250125001,0.6618073534150379
87,0.6041733797042189,0.5919287992088801,0.6608184535383728,0.756808408982322,0.6437182635362615,0.6284069822998033
88,0.6226180290892122,0.6289625440282669,0.4504605606728964,0.6049511661240681,0.5834398159979555,0.6002400026666963
89,0.6450071667462972,0.6041178235313727,0.5973621929132547,0.6661740686007622,0.6149512772364136,0.4944610495672175
90,0.7072411915687952,0.577273080812009,0.5657840642673808,0.6759075100834455,0.6254402826698074,0.5420949121656907
91,0.6914632384804276,0.5214946832742586,0.5198391093234369,0.7190302114467939,0.6942410471227458,0.6805075611951245
92,0.6396071067456305,0.5903510039000434,0.5969510772341915,0.6042400471116345,0.5378393093256592,0.6121068011866798
93,0.6605628951432794,0.6676518627984755,0.6357403971155235,0.6390293225480284,0.665718507983422,0.6425626951410571
94,0.4920388004311159,0.6432515916843521,0.5236835964844053,0.6547183857598418,0.585495394393271,0.6002400026666964
95,0.637507083412038,0.5794508827875866,0.473605262280692,0.6868076311959023,0.6944410493449927,0.6654851720574673
96,0.574139712663474,0.4921943577150858,0.5060834009266769,0.7043522705807843,0.5790731008122313,0.6042733808153423
97,0.5421949132768142,0.4919387993199925,0.6554517272414138,0.6090956566184068,0.5458616206846743,0.6747297192191025
98,0.6800742230469228,0.4768275203057812,0.5163335148168313,0.6536628184757609,0.6488183202035578,0.5908621206902299
99,0.6066400737785975,0.6182735363726264,0.5122390248780543,0.6984299825553617,0.6151957243969377,0.637062634029267
100,0.5966288514316826,0.5619173546372738,0.4881609795664396,0.6226846964966277,0.5783175368615207,0.614106823409149
101,0.6642184913165702,0.5619840220446894,0.5826842520472449,0.6766408515650174,0.6124179157546195,0.5629729219213547
102,0.53966155179502,0.6046956077289747,0.533072589695441,0.7065745174946387,0.6240736008177868,0.6440404893387704
103,0.6402293358815098,0.6044456049511662,0.4657885087612084,0.6598295536617073,0.5573728596984411,0.6256069511883465
104,0.6289292103245592,0.5990399893332148,0.5888176535294837,0.7418971321903576,0.6025622506916744,0.6073956377293082
105,0.5482283136479293,0.5522283580928677,0.479549772775253,0.6419960221780242,0.6679740886009844,0.607595639951555
106,0.6786630962566251,0.6406182290914343,0.5806620073556372,0.6864409604551162,0.5831842576028623,0.6376959743997155
107,0.6010955677285303,0.5915843509372326,0.5327503638929321,0.6333514816831298,0.5849398326648074,0.5099723330259225
108,0.6051622795808842,0.6441960466227402,0.5085500950010555,0.6712852365026278,0.6142401582239804,0.6026733630373671
109,0.6693629929221436,0.6416182402026689,0.5842509361215124,0.594284380937566,0.6013511261236235,0.6223846931632573
110,0.63625151390571,0.5457060634007045,0.5114390159890665,0.6724074711941244,0.5527061411793465,0.580284225380282
111,0.5941066011844576,0.5958232869254103,0.46317181302014465,0.6805853398371093,0.5943621595795509,0.5987510972344137
112,0.6058956210624563,0.5178168646318292,0.5670618562428471,0.6514072378581984,0.6242180468671874,0.6001400015555729
113,0.5942288247647195,0.5873287480972011,0.5996399959999557,0.6529072545250503,0.49233880376448624,0.48322759141768235
114,0.6483294258825099,0.4851165012944588,0.5625618062422917,0.6418071311903466,0.535917065745175,0.5624618051311681
115,0.6171513016811299,0.49585550950566115,0.4908387870976344,0.6861742908254536,0.6221069122990255,0.6226846964966278
116,0.6309403437815976,0.4429271436349293,0.5073278591984356,0.6118179090878787,0.5520283558706207,0.4969166324070267
117,0.5392837698196646,0.5161890687674308,0.5447838309314548,0.668240758230647,0.5976177513083478,0.6223402482249802
118,0.6799853331703685,0.6169846331625907,0.5892954366159624,0.5486727630307003,0.5689174324159156,0.5861620684674274
119,0.647729419215769,0.5535394837720419,0.575761952910588,0.6621073567484084,0.6022955810620119,0.6073956377293082
120,0.6079623106923411,0.5005111167901866,0.5344614940166001,0.6291736574850832,0.6395737730419226,0.4848720541339348
121,0.4604051156123957,0.5847398304425604,0.5024166935188169,0.6695852176135291,0.5053833931488128,0.5448616095734398
122,0.6129845887176524,0.6304736719296881,0.46452738363759594,0.6424404715607951,0.6150290558783986,0.6550072778586429
123,0.6364070711896799,0.4764386270958566,0.6350959455105057,0.5410726785853176,0.5978844209380104,0.6220735785953178
124,0.6231069234102601,0.4831498127756976,0.6077400860009556,0.6318847987199858,0.5201168901876688,0.5505838953766153
125,0.592495472171913,0.6092845476060845,0.47964977388637653,0.5742286025400283,0.5349948332759253,0.6202291136568184
126,0.668529650329448,0.537505972288581,0.5377170857453972,0.6734963721819132,0.6371737463749597,0.5327614751275015
127,0.7083745374948611,0.5191835464838498,0.47992755475060833,0.6133734819275769,0.6322403582262026,0.6359626218069091
128,0.536161512905699,0.5016944632718141,0.5936843742708252,0.7186302070023001,0.7282192024355826,0.6838853765041835
129,0.6404071156346182,0.49373881932021463,0.5474505272280803,0.6957632862587362,0.7118856876187513,0.7176968632984811
130,0.5421949132768142,0.5003555595062168,0.4748163868487428,0.7091078789764331,0.7121745797175524,0.7275414171268569
131,0.5289725441393793,0.5812509027878088,0.5287280969788554,0.7444638273758598,0.7116412404582273,0.72428582539806
132,0.57649529439216,0.5341614906832298,0.5551617240191558,0.705730063667374,0.7210524561384015,0.6464294047711642
133,0.5822620251336127,0.6262180690896566,0.5508672318581317,0.7186413182368692,0.7078078645318282,0.703485594284381
134,0.5996066622962477,0.6122068022978033,0.6215291281014235,0.7116523516927966,0.7351415015722397,0.7242524916943521
135,0.5260947343859376,0.5092278803097813,0.5366392959921777,0.6998744430493671,0.7300192224358049,0.7092856587295415
136,0.5072611917910199,0.5677618640207114,0.6175735285947622,0.7072856365070723,0.6977966421849132,0.6962188468760765
137,0.5989066545183835,0.5610951232791476,0.5836509294547717,0.6821520239113769,0.7216857965088501,0.6936410404560052
138,0.5495616617962422,0.5194057711752351,0.6159623995822177,0.7117079078656431,0.7239524883609818,0.7101301125568062
139,0.6090012111245681,0.5,0.6072400804453383,0.7340859342881588,0.7029855887287637,0.7167079634218159
140,0.6068845209391216,0.5804286714296825,0.5735841509350104,0.7342859365104056,0.7318192424360271,0.7214746830520338
141,0.58948432760364,0.5418949099434438,0.5749063878487539,0.6948077200857787,0.7097189968777431,0.6913521261347348
142,0.5273947488305426,0.5937732641473794,0.5591728796986634,0.6876854187268748,0.6896187735419284,0.7362637362637363
143,0.5967399637773754,0.5338059311770131,0.6171290792119912,0.7048744986055401,0.7209968999655552,0.733774819720219
144,0.6832964810720119,0.6796964410715675,0.6520183557595084,0.7291358792875476,0.7228746986077623,0.6852742808253425
145,0.6788186535405948,0.6650073889709885,0.6446738297092189,0.7243747152746142,0.723841376015289,0.7171635240391561
146,0.652162801808909,0.6254069489660996,0.5462060689563217,0.7882643140479338,0.6902687807642307,0.7250413893487706
147,0.6675740841564906,0.6350403893376593,0.6817409082323136,0.7245080500894454,0.7197302192246581,0.6849742774919723
148,0.6627962532917032,0.6643962710696786,0.6788297647751642,0.7243191591017678,0.7352526139179324,0.7089300992233247
149,0.6689963221813575,0.5873065256280625,0.6765964066267403,0.732630362559584,0.714641273791931,0.7345081612017912
150,0.6677907532305914,0.5682618695763286,0.646662740697119,0.7441193791042123,0.716107956755075,0.703207813420149
151,0.6491849909443438,0.6539850442782698,0.677151968355204,0.7551972799697775,0.7036300403337814,0.7225746952743919
152,0.6903743374926388,0.6476738630429227,0.5868176313070146,0.7333859265102944,0.7090523228035867,0.6808520094667718
153,0.6916799075545284,0.6410293447704974,0.6123290258780654,0.741619351326126,0.7435860398448871,0.7137634862609583
154,0.6761297347748307,0.6761186235402616,0.6606851187235414,0.7397748863876266,0.681752019466883,0.7210635673729708
155,0.6699741108234536,0.5900843342703808,0.6108067867420749,0.7200191113234592,0.721352459471772,0.7178413093478817
156,0.6533961488460983,0.6781408682318693,0.6507627862531805,0.7449971666351849,0.7312970144112713,0.7308970099667775
157,0.6721519127990311,0.5683729819220213,0.6954743941599351,0.7239524883609818,0.7242302692252136,0.7282303136701518
158,0.6897298858876209,0.6329292547694975,0.6492294358826209,0.7345859398437761,0.7358303981155346,0.7307414526828075
159,0.6469516327959198,0.6671074123045811,0.6704630051445015,0.7380526450293893,0.7139301547794975,0.7226635851509461
160,0.6600628895876621,0.6801297792197691,0.674996388848765,0.7315747952755031,0.7025300281114234,0.7276747519416882
161,0.6677185302058912,0.6937632640362671,0.6617073523039145,0.7370748563872932,0.7351748352759475,0.7283969821886911
162,0.5844842720474672,0.7001188902098912,0.6761075123056923,0.761975133057034,0.7148412760141779,0.7215524616940189
163,0.6706074511939022,0.700963344037156,0.6658296203291147,0.7225191391015455,0.7047300525561395,0.7029855887287637
164,0.6849409437882643,0.6583406482294248,0.6864409604551163,0.7247524972499695,0.7626418071311905,0.730108112312359
165,0.6913299036655963,0.6567517416860188,0.6907965644062712,0.7372748586095401,0.7381415349059434,0.741419349103879
166,0.6625073611929022,0.7003522261358459,0.6901187790975456,0.7564861831798131,0.7176413071256347,0.7135857065078501
167,0.6822964699607774,0.6689852109467883,0.6886409848998322,0.7754308381204236,0.7151412793475483,0.6930410337892643
168,0.650940566006289,0.7044856053956157,0.6710296781075347,0.7669974110823455,0.7106078956432849,0.6929410326781409
169,0.6839631551461682,0.6569295214391271,0.5478949766108512,0.7655862842920476,0.7174746386070956,0.727541417126857
170,0.7080300892232135,0.6534739274880833,0.6488627651418348,0.7553861709574552,0.7355303947821643,0.7068300758897321
171,0.6753630595895509,0.6684629829220325,0.6554072823031367,0.7397415526839187,0.7342970477449748,0.755586173179702
172,0.7029855887287637,0.6532739252658363,0.6717852420582451,0.7636084845387172,0.7343192702141135,0.7380526450293892
173,0.7035189279880888,0.6652518361315125,0.6911076789742108,0.7238747097189969,0.7187190968788542,0.7095189946554962
174,0.6861854020600229,0.6904410049000543,0.6826631407015633,0.7708752319470216,0.746708296758853,0.7479083100923343
175,0.6790297669974111,0.6540850453893932,0.6635518172424137,0.7470416337959311,0.7074856387293192,0.6936632629251436
176,0.6961521794686608,0.6833853709485662,0.6346626073623041,0.7399304436715965,0.7429860331781465,0.7344637162635139
177,0.7234635940399339,0.6595962177357525,0.7074523050256114,0.7451082789808776,0.7143079367548528,0.7245524950277226
178,0.6973633040367115,0.6246624962499583,0.6466849631662575,0.7786642073800819,0.6907187857642864,0.7164635162612918
179,0.7278747541639352,0.661362904032267,0.643007144523828,0.7263636262625142,0.7175746397182191,0.7141634907054523
180,0.5232391471016344,0.6908632318136869,0.6767630751452793,0.734585939843776,0.7158301758908432,0.6633740374893055
181,0.6966855187279859,0.6715185724285825,0.6816075734174825,0.7984088712096802,0.71985244280492,0.6878520872454139
182,0.6552406137845976,0.6939132657029523,0.6325292503250035,0.7439971555239503,0.7123301370015223,0.7112967921865798
183,0.6583517594639942,0.664940721563573,0.6260736230402559,0.7300747786086512,0.7205968955210614,0.6754519494661052
184,0.6964077378637541,0.6978299758886211,0.6195624395826621,0.7506750075000834,0.7289525439171547,0.7314525716952411
185,0.6679407548972767,0.6911965688507651,0.6802853365037389,0.7633751486127625,0.7234969277436416,0.7158523983599818
186,0.6528628095867732,0.5674174157490639,0.7065078500872233,0.7752419471327459,0.7086745408282314,0.6629518105756731
187,0.714396826631407,0.6848631651462793,0.6838409315659063,0.6968855209502328,0.7087078745319393,0.7260969566328515
188,0.6977633084812054,0.6044400493338815,0.6830298114423493,0.7525972510805676,0.7237302636695964,0.7133634818164647
189,0.684274269714108,0.7058967321859133,0.651107234524828,0.7488527650307227,0.7213746819409105,0.7226635851509462
190,0.6732630362559584,0.7155523950266114,0.6248402760030668,0.7428749208324538,0.6700852231691463,0.7039522661362904
191,0.6254736163735153,0.5978066422960255,0.7104634495938843,0.7427638084867609,0.7236524850276115,0.7253302814475717
192,0.7339525994733274,0.6086400960010667,0.650451671685241,0.7302636695963289,0.7463082923143591,0.6322292469916333
193,0.7109301214457938,0.5943510483449816,0.5686285403171146,0.727219191324348,0.6931632573695263,0.6620851342792697
194,0.7182079800886678,0.6696296625518061,0.6230402560028445,0.7592639918221313,0.7069856331737021,0.6759963999599996
195,0.6912965699618885,0.6814520161335125,0.595628840320448,0.7657418415760178,0.6697629973666374,0.6993633262591806
196,0.7318081312014578,0.643496038844876,0.6607295636618185,0.7153079478660874,0.7062411804575606,0.7000300003333371
197,0.6522961366237403,0.6320625784730941,0.6369515216835742,0.7080189779886443,0.7027300303336703,0.6901298903321148
198,0.6485183168701875,0.6514627940310448,0.6650629451438349,0.7688640984899833,0.7102078911987911,0.6727185857620641
199,0.7127856976188623,0.6710741230458116,0.6385737619306882,0.7300747786086512,0.6705074500827787,0.6786519850220558
200,0.7355526172513028,0.6377848642762698,0.6195346614962388,0.7479527550306113,0.7213746819409104,0.7141301570017445
201,0.6135290392115469,0.5758619540217114,0.6076623073589706,0.733574817497972,0.6913743486038733,0.712074578606429
202,0.7045522728030311,0.6812742363804042,0.6275291947688307,0.7241747130523672,0.6618295758841766,0.6830187002077801
203,0.7183968710763453,0.6859742886032067,0.5943399371104123,0.7543972710807899,0.67308525650285,0.6954966166290737
204,0.6924076934188158,0.5793064367381859,0.6756075067500751,0.7351303903376704,0.6590295447727197,0.6777630862565138
205,0.645651618351315,0.7106967855198392,0.7107078967544085,0.7448416093512151,0.6970521894687719,0.7234858165090724
206,0.7322525805842288,0.6999188879876442,0.6345292725474728,0.7649751663907376,0.6682518694652163,0.6616740186002066
207,0.6908410093445483,0.6409404548939432,0.5687285414282381,0.7421638018200203,0.6953299481105346,0.6246069400771119
208,0.7225635840398227,0.6078178646429404,0.615895732174802,0.7521194679940888,0.6302181135345948,0.6963077367526306
209,0.6787075411949022,0.6118512427915866,0.6041844909387882,0.7584639829331437,0.7043633818153535,0.6507627862531806
210,0.7276303070034111,0.6981077567528529,0.5413282369804109,0.7316525739174881,0.7161301792242136,0.6607184524272491
211,0.7064189602106691,0.6217624640273781,0.683418704652274,0.7329192546583851,0.6540850453893932,0.6444738274869721
212,0.6174735274836387,0.5704396715519061,0.6969966332959254,0.7307747863865155,0.6481516461294015,0.6101512239024878
213,0.6800186668740764,0.6194291047678308,0.6756408404537828,0.7478194202157802,0.6123401371126346,0.6605628951432794
214,0.7016411293458817,0.6118734652607252,0.5011611240124891,0.7350859453993934,0.6895521061345127,0.628840320448005
215,0.7354192824364716,0.5077278636429293,0.6393071034122602,0.691529905887843,0.6865076278625318,0.6699407771197458
216,0.6354403937821531,0.5596617740197113,0.5325059167324082,0.7303747819420215,0.6464738497094413,0.7136301514461272
217,0.6630073667485193,0.6616406848964989,0.5393948821653574,0.7266080734230381,0.6690518783542039,0.6918854653940598
218,0.6094289936554851,0.6694296603295592,0.6102290025444728,0.6951188346537185,0.6411849020544673,0.6667851865020723
219,0.7022078023089147,0.6519294658829543,0.6493738819320215,0.712041244902721,0.6455182835364839,0.7100967788530985
220,0.6703630040333781,0.6398182202024466,0.6638407093412149,0.7050633895932177,0.6920743563817375,0.7111856798408871
221,0.7416526850298337,0.7074745274947499,0.5999177768641875,0.7469194102156691,0.715819064656274,0.6090956566184069
222,0.6993411037900421,0.6306070067445194,0.6862076245291615,0.7701085567617418,0.6720741341570462,0.6265514061267348
223,0.6280958677318637,0.6804742274914166,0.6542072689696552,0.6909632329248103,0.6828186979855331,0.6641518239091545
224,0.6552406137845976,0.634862609584551,0.608862320692452,0.6512739030433672,0.6448182757586195,0.627906976744186
225,0.6383404260047335,0.6068511872354139,0.5191113234591496,0.7152301692241024,0.6348403871154125,0.6597962199579994
226,0.6387293192146579,0.6587628751430571,0.6241958243980489,0.7041633795931067,0.6306625629173658,0.6459849553883933
227,0.700563339592662,0.5945621618017978,0.5527061411793464,0.6546183846487182,0.6024066934077046,0.5626284736497071
228,0.5529172546361626,0.5436115956843965,0.6097289969888555,0.6843853820598007,0.6387626529183659,0.5753286147623863
229,0.674951943910488,0.6527183635373727,0.6330181446460517,0.6694518827986977,0.6420738008200091,0.6284403160035111
230,0.7127968088534318,0.6092289914332382,0.5823398037755975,0.6057067300747785,0.6423071367459638,0.6536294847720531
231,0.6269069656329515,0.5672396359959555,0.571695241058234,0.7206524516939077,0.6291292125468062,0.6762741808242314
232,0.615284614273492,0.6204624495827731,0.6390293225480284,0.6807186746519406,0.6615295725508061,0.6222624695829952
233,0.5919065767397416,0.5897621084678718,0.6280069778553095,0.755586173179702,0.45411615684618717,0.6377404193379925
234,0.6485072056356183,0.6423849153879487,0.6102845587173191,0.6388737652640586,0.646384959832887,0.6563072923032479
235,0.6051511683463149,0.47774975277503084,0.6257736197068856,0.6652962810697896,0.6125956955077279,0.6380626451405016
236,0.6872187468749653,0.5903621151346126,0.5570173001922244,0.6907965644062711,0.6537739308214536,0.6599851109456771
237,0.6414515716841298,0.6361515127945866,0.6089845442727142,0.7056189513216814,0.5726174735274837,0.6483294258825099
238,0.6623851376126402,0.6023955821731353,0.6227846976077512,0.6354515050167224,0.6602851142790476,0.641496016622407
239,0.6931632573695263,0.6229291436571518,0.6421626906965633,0.71679685329837,0.6287403193368816,0.6224735830398116
240,0.6310181224235825,0.5574617495749953,0.5474727496972189,0.7068300758897321,0.6177179746441627,0.6205735619284658
241,0.6227846976077511,0.6213846820520228,0.5973177479749775,0.6287625418060201,0.6019622440249335,0.6772741919354659
242,0.6115401282236469,0.5074167490749897,0.609306770075223,0.6490961010677896,0.6093845487172079,0.6668074089712108
243,0.6535183724263602,0.6340181557572863,0.6348403871154125,0.61195124390271,0.4969388548761653,0.6001400015555729
244,0.6398959988444316,0.6431182568695207,0.6094512161246236,0.6578295314392382,0.6232847031633684,0.6555961732908143
245,0.6305292281025345,0.5878843098256648,0.6328959210657896,0.6399182213135701,0.5172390804342271,0.6802742252691696
246,0.6407293414371271,0.607384526494739,0.6227513639040434,0.7139634884832053,0.6061178457538416,0.5863287369859665
247,0.4170490783230924,0.6243513816820188,0.5006388959877331,0.6723741374904166,0.6188846542739364,0.5930288114312381
248,0.63059589550995,0.5934510383448706,0.6060622895809953,0.6604517827975867,0.624362492916588,0.6073734152601696
249,0.6386626518072422,0.5789842109356771,0.5863731819242436,0.6560239558217313,0.6575517505750064,0.631329236991522
250,0.5964621829131435,0.5925843620484672,0.5399726663629596,0.6623629151435015,0.6040289336548184,0.6830075889732109
251,0.6404071156346182,0.5460838453760598,0.6209957888420983,0.7402415582395361,0.6165401837798198,0.5501505572284137
252,0.644673829709219,0.5294281047567195,0.6153735041500461,0.6603628929210325,0.6261847353859487,0.6151957243969377
253,0.6197735530394782,0.5094723274703052,0.6207624529161435,0.6393404371159679,0.5708841209346771,0.6782075356392849
254,0.625584728719208,0.617973533039256,0.5134390382115357,0.6839853776153069,0.6339070434115934,0.5901176679740886
255,0.6626962521805797,0.5000277780864232,0.6269291881020901,0.6974855276169734,0.6514516827964755,0.64878498649985
256,0.5677951977244192,0.5526505850065001,0.6279291992133246,0.7202413360148446,0.7468416315736842,0.7372859698441094
257,0.6203846709407883,0.6362959588439872,0.6150401671129679,0.7104412271247459,0.7180857565084057,0.7087189857665086
258,0.5466171846353848,0.5760175113056811,0.6017955755063945,0.7449749441660463,0.7321525794731054,0.6821298014422382
259,0.6129179213102368,0.5910621229124768,0.5993177701974467,0.7251969466327404,0.7239747108301202,0.7206413404593384
260,0.6293069922999144,0.5465727396971076,0.6264514050156113,0.7243691596573295,0.6993966599628885,0.7011189013211258
261,0.6185735397059967,0.6380959788442093,0.5,0.7084189824331381,0.7230302558917322,0.7089856553961711
262,0.4563606262291803,0.6178068645207169,0.5491838798208869,0.6986744297158857,0.7221746908298982,0.7250858342870475
263,0.5989733219257992,0.6221180235335949,0.6027400304447827,0.7153523928043645,0.7289414326825854,0.7191413237924865
264,0.6240624895832176,0.5,0.5273503038922654,0.7220191335459284,0.719319103545595,0.7125079167546305
265,0.5960177335303726,0.6249291658796208,0.6128290314336826,0.723796931077012,0.7481194235491505,0.7400415560172892
266,0.5483838709318992,0.6011733463705152,0.6224069156323959,0.7229302547806086,0.7376415293503262,0.7249747219413549
267,0.5659618440204891,0.5989399882220914,0.5384893165479617,0.7331637018189092,0.726563628484761,0.7224302492249914
268,0.5188668762986255,0.5,0.4968777430860342,0.7363970710785676,0.7279636440404895,0.7151746130512562
269,0.6004288936543739,0.632295914399049,0.6416849076100846,0.7283192035467061,0.7300192224358049,0.715696841076012
270,0.5626395848842765,0.4629606995633285,0.6234513716819077,0.7006522294692163,0.7114967944088267,0.7132412582362027
271,0.6254847276080845,0.5908843431593684,0.6414626829186991,0.7254525050278336,0.7425860287336526,0.7338414871276346
272,0.6654962832920366,0.590051000566673,0.6620406893409928,0.751919465771842,0.7341192679918667,0.7374526383626485
273,0.670885232058134,0.6606184513161257,0.6638073756375071,0.7507750086112068,0.7493749930554784,0.7242969366326293
274,0.6772630807008968,0.6642073800820009,0.6445849398326648,0.7335859287325414,0.7162746252736142,0.7334525939177101
275,0.6633851487238748,0.6601517794642162,0.6534517050189447,0.6998411093456594,0.7286414293492149,0.7328192535472615
276,0.6719963555150613,0.6492294358826209,0.6453405037833753,0.755341726019178,0.7419971333014812,0.7356859520661342
277,0.6406515627951421,0.6654407271191902,0.6277736419293548,0.7486638740430449,0.739630440338226,0.7023633595928844
278,0.6535850398337759,0.6275736397071079,0.6509183435371504,0.7536861520683563,0.7521416904632274,0.745008277869754
279,0.670396337737086,0.6167624084712053,0.6839631551461683,0.7204857831753686,0.7233413704596718,0.7362526250291671
280,0.6577628640318226,0.6604740052667253,0.6524850276114179,0.7385304281158679,0.7255747286080957,0.7381304236713742
281,0.6641629351437237,0.6653962821809132,0.6725852509472328,0.731085900954455,0.7076300847787198,0.7230635895954399
282,0.6468627429193657,0.6441404904498939,0.644873831931466,0.7739863776264182,0.6951855020611339,0.7350415004611162
283,0.6544294936610406,0.6279847553861709,0.686152068356315,0.7378526428071424,0.6976744186046512,0.7350081667574084
284,0.6878298647762753,0.6398404426715851,0.6598628873654151,0.7173524150268337,0.7344748274980833,0.7213969044100489
285,0.69188546539406,0.6581962021800243,0.6727296969966332,0.7370081889798776,0.7210635673729708,0.7511750130557007
286,0.689607662307359,0.6615184613162368,0.6836298181090902,0.7457749530550339,0.7391304347826086,0.7147746086067623
287,0.6941743797153301,0.6636629295881065,0.6728741430460339,0.7424749163879598,0.7086189846553851,0.7390304336714854
288,0.6815186835409281,0.6230847009411216,0.6708074534161491,0.7620084667607419,0.7230747008300092,0.7380082000911121
289,0.7196746630518118,0.6989744330492562,0.7000522228024757,0.7451082789808775,0.7112745697174412,0.689729885887621
290,0.7144523828042534,0.6919965777397526,0.6837742641584905,0.7770641896021068,0.7405193391037679,0.7257858420649119
291,0.6761297347748308,0.6787297636640406,0.6045844953832821,0.7754975055278391,0.7133190368781875,0.6841187124301382
292,0.7098301092234358,0.6829964777386415,0.6996411071234125,0.7591973244147157,0.6901743352703918,0.7476194179935334
293,0.6622518027978089,0.7073411926799187,0.7216857965088501,0.7396082178690875,0.7003411149012768,0.7314414604606718
294,0.7024855831731464,0.6699963332925921,0.6985077611973466,0.768652985033167,0.7411415682396472,0.7461638462649585
295,0.7148968321870244,0.6934632607028968,0.6826298069978556,0.7524083600928899,0.7296858853987267,0.7185635395948845
296,0.7118079089767664,0.6782742030467006,0.6929965888509872,0.7363304036711519,0.7438749319436883,0.7220524672496362
297,0.6986522072467471,0.6538961544017156,0.7154301714463495,0.7451193902154468,0.7464860720674674,0.6996299958888432
298,0.7001411126790298,0.6823186924299159,0.6856298403315593,0.7488083200924454,0.7374526383626485,0.7287303192257691
299,0.7140857120634674,0.6834298158868432,0.6647629418104646,0.7633418149090545,0.7461749574995278,0.7018966877409749
300,0.7016189068767431,0.6810186779853109,0.6659407326748075,0.7179301992244359,0.7196968855209503,0.721808020089112
301,0.6942632695918844,0.6845076056400626,0.7062634029266992,0.7052522805808954,0.7405637840420448,0.746674963055145
302,0.720663562928477,0.6748408315647952,0.6888298758875099,0.7665640729341436,0.7493194368826321,0.7168524094712164
303,0.7087967644084934,0.6697518861320682,0.6963855153946156,0.7263747374970834,0.7260080667562973,0.7409415660174004
304,0.6989077656418404,0.6678518650207226,0.6891076567517417,0.7339525994733276,0.7170746341626018,0.712885698729986
305,0.6889187657640641,0.6758408426760297,0.6868409648996101,0.7694307714530162,0.7216080178668653,0.7252969477438638
306,0.730108112312359,0.6876298625540285,0.7242302692252135,0.7573084145379394,0.7457305081167567,0.7134523716930188
307,0.689329881443127,0.6656962855142835,0.6865409615662397,0.757863976266403,0.6873743041589351,0.7086634295936622
308,0.7146634962610696,0.714152379470883,0.7009966777408638,0.7449193879932,0.7550861676240845,0.7176301958910654
309,0.6696741074900834,0.6939521550239447,0.6614629051433905,0.7408748986099846,0.7050633895932177,0.6887632084800942
310,0.7278969766330736,0.6972744141601573,0.6787742086023177,0.7639418215757953,0.738941543794931,0.6839187102078913
311,0.7098967766308515,0.7035633729263658,0.6812075689729886,0.7375637507083412,0.7173079700885566,0.745897176635296
312,0.7312414582384249,0.7105078945321615,0.6979410882343139,0.7409526772519694,0.7457749530550338,0.7378081978688652
313,0.6998299981110901,0.6598962210691229,0.619762441804909,0.7478971988577651,0.7108078978655319,0.704785608728986
314,0.7344414937943755,0.688140979344215,0.7053078367537418,0.7599528883654263,0.7432638140423784,0.7161746241624907
315,0.6853520594673274,0.6294958832875921,0.7129079211991245,0.7375748619429106,0.7357748419426884,0.7089856553961711
316,0.7166746297181079,0.6839964888498761,0.6484516494627718,0.7378526428071422,0.7054967277414192,0.7461082900921121
317,0.7191635462616252,0.6632740363781819,0.7051522794697719,0.7734863720708007,0.7130857009522328,0.7355526172513028
318,0.7253969488549873,0.6709852331692574,0.6639073767486307,0.7622973588595428,0.7152523916932412,0.7112856809520105
319,0.7319747997199969,0.7008966766297404,0.6662962921810243,0.748141646018289,0.7249858331759242,0.7357415082389804
320,0.7189857665085166,0.7010411226791409,0.6648407204524495,0.6961744019377993,0.7294858831764798,0.6983077589750997
321,0.7191191013233481,0.7024411382348692,0.6827520305781175,0.7488416537961532,0.6530405893398816,0.705118945766064
322,0.6796964410715676,0.6087512083467594,0.6661518461316237,0.7855309503438929,0.6962966255180612,0.691074345270503
323,0.7245969399659996,0.6616406848964989,0.6310181224235825,0.7553306147846086,0.7643307147857198,0.7145412726808075
324,0.7299636662629585,0.6816964632940365,0.6387404304492272,0.7798419982444251,0.7371859687329858,0.7095189946554963
325,0.7034078156423961,0.5995622173579707,0.671618573539706,0.752819475771953,0.7262080689785442,0.7260080667562973
326,0.7383082034244826,0.671374126379182,0.6641184902054467,0.7698641096012178,0.7093523261369571,0.6990744341603796
327,0.7262858476205292,0.6640518227980312,0.6882298692207691,0.7527639195991066,0.7299414437938201,0.7115856842853809
328,0.7254525050278338,0.7064300714452383,0.6765519616884631,0.7600751119456884,0.7040856009511217,0.7666751852798366
329,0.7171413015700174,0.6945521616906855,0.7120301336681519,0.7527639195991067,0.7157190635451506,0.7038078200868899
330,0.7129968110756787,0.7121301347792753,0.6633407037855976,0.7674640829342548,0.6900298892209913,0.6718852431693685
331,0.728030311447905,0.6377515305725618,0.5173001922243581,0.765808508983433,0.7305858953988378,0.7236747074967499
332,0.7121523572484139,0.6452738363759597,0.6298069978555317,0.7574528605873398,0.7366748519427992,0.7088412093467705
333,0.7228858098423315,0.7000966677407527,0.6828631429238102,0.7591639907110079,0.7116856853965045,0.7117745752730587
334,0.7211969021878021,0.6737630418115756,0.6864854053933931,0.7565639618217981,0.7010077889754331,0.6663185146501629
335,0.6991855465060722,0.6890854342826032,0.6618851320570228,0.7288303203368927,0.6807964532939255,0.7323970266336293
336,0.6968855209502329,0.6332959255102835,0.7012411249013879,0.7138301536683741,0.6730185890954343,0.6837742641584907
337,0.7388748763875154,0.6469516327959199,0.6319070211891243,0.7363859598439982,0.6871187457638418,0.6993522150246113
338,0.7173635262614029,0.6893409926776963,0.632829253658374,0.7293081034233713,0.6981410904565606,0.6937521528016978
339,0.6633740374893053,0.6357515083500928,0.6394626606962299,0.7202080023111368,0.6921965799619997,0.647118301314459
340,0.635962621806909,0.6544739385993177,0.6792631029233658,0.7601640018222425,0.6926965855176169,0.7115634618162424
341,0.7436415960177336,0.6050067222969144,0.6322292469916333,0.7611529016989078,0.6376959743997156,0.7160079556439517
342,0.6996411071234124,0.6490849898332203,0.6775964177379749,0.7423638040422672,0.6772408582317582,0.6942743808264537
343,0.7356748408315649,0.6556295069945222,0.6834409271214125,0.7489860998455539,0.6861909576773075,0.5016722408026756
344,0.7125190279891999,0.6241513794597717,0.6120623562484029,0.7266302958921766,0.7276747519416882,0.7155301725574729
345,0.6902410026778075,0.6520850231669242,0.6002511139012656,0.7363192924365827,0.6837298192202137,0.6272625251391681
346,0.6746297181079791,0.6231735908176756,0.6782297581084236,0.7352526139179325,0.6909298992211026,0.6717296858853988
347,0.6789519883554261,0.6444516050178335,0.6873520816897967,0.7425082500916675,0.7141412682363137,0.7107078967544085
348,0.7050967232969254,0.6227291414349048,0.6162401804464493,0.754075045278281,0.6586739852665029,0.6560072889698774
349,0.6873743041589351,0.673774153046145,0.623306925632507,0.7319525772508584,0.7113190146557185,0.6673740819342437
350,0.7136523739152657,0.6380182002022246,0.6694741052678364,0.7527083634262602,0.6894521050233893,0.7147079411993468
351,0.7129523661374015,0.658429538105979,0.6714296825520283,0.7646418293536597,0.6373626373626373,0.6573850820564673
352,0.703530039222658,0.5780286447627196,0.6011955688396537,0.7328636984855388,0.6668851876131957,0.6570517450193891
353,0.6248847209413438,0.6805408948988323,0.6321959132879255,0.711674574161935,0.6700852231691463,0.6076845298281093
354,0.6217291303236703,0.6796075511950133,0.6124401382237581,0.7178190868787431,0.6555850620562451,0.6758741763797376
355,0.6808742319359103,0.6512405693396592,0.6742297136634852,0.7330081445349392,0.6573628595873288,0.6742408248980545
356,0.6747852753919488,0.6197402193357704,0.6177957532861476,0.7110079000877787,0.6547183857598418,0.6871187457638418
357,0.7097078856431739,0.6439071545239392,0.6457182857587307,0.7149523883598707,0.6900410004555606,0.6676185290947676
358,0.6919632440360448,0.6342737141523794,0.6171624129156992,0.6669518550206114,0.6469516327959199,0.6450960566228513
359,0.6421293569928554,0.6285847620529117,0.5139168212980144,0.7137134857053966,0.518400204446716,0.6283403148923876
360,0.682240913787931,0.637551528350315,0.6568961877354194,0.7479638662651806,0.6259402882254248,0.6458405093389926
361,0.6988855431727019,0.6133068145201613,0.6300514450160557,0.7043189368770765,0.6527294747719419,0.5
362,0.6777853087256525,0.6555850620562451,0.6340626006955633,0.7335414837942644,0.6191291014344604,0.6504294492161025
363,0.6236735963732931,0.612073467482972,0.6576739741552684,0.7285969844109379,0.6911299014433493,0.6402071134123712
364,0.6830631451460571,0.6674296381070901,0.6558406204513384,0.755297281080901,0.6565850731674797,0.6733408148979433
365,0.666451849464994,0.6086845409393438,0.623751375015278,0.6912187913199036,0.6794075489727663,0.6358626206957855
366,0.6631629240324893,0.6503294481049788,0.6742630473671929,0.6956077289747664,0.654562828475872,0.6803297814420161
367,0.6936743741597129,0.6824186935410395,0.5059389548772764,0.7337748197202192,0.666329625884732,0.6290292114356826
368,0.5506727852531694,0.6720519116879076,0.5551617240191558,0.6106956743963822,0.6142068245202724,0.6339181546461627
369,0.6237402637807088,0.631484794275492,0.608084534272603,0.6577406415626841,0.6479627551417237,0.6709852331692574
370,0.6318625762508472,0.5880176446404961,0.6279736441516017,0.6931299236658186,0.6642184913165702,0.5927621418015756
371,0.6304736719296881,0.5107723419149102,0.6110623451371682,0.7302303358926211,0.6058511761241792,0.6228402537805975
372,0.6392848809431216,0.6580517561306236,0.6672407471194124,0.6870965232947033,0.6619962444027155,0.6469960777341971
373,0.6632962588473206,0.6249847220524671,0.5544617162412916,0.7147412749030545,0.6122512472360804,0.6055400615562395
374,0.6404515605728953,0.6367959643996044,0.6080512005688953,0.6641851576128625,0.647929421438016,0.6418737985977623
375,0.6457960644007156,0.6276069734108156,0.591439904887832,0.7016300181113123,0.6359292881032012,0.6426182513139035
376,0.6533628151423905,0.6546517183524262,0.646873854153935,0.7281303125590284,0.6156512850142779,0.6155401726685852
377,0.6805742286025401,0.5944732719252437,0.6431071456349515,0.6571961910687898,0.6691296569961889,0.6498627762530694
378,0.6513072367470749,0.5976177513083478,0.634907054522828,0.6859187324303604,0.6461516239069323,0.617040189335437
379,0.6652296136623741,0.5018611317903533,0.626440293781042,0.7519416882409804,0.668562984033156,0.6303070034111491
380,0.6452516139068212,0.6018511316792409,0.5919510216780187,0.6957077300858898,0.6193513261258459,0.608206757852865
381,0.6192624362492917,0.6359515105723397,0.6231513683485372,0.7377859753997267,0.6195513283480928,0.6246402737808197
382,0.6802186690963232,0.4685163168479649,0.6644740497116635,0.6946743852709474,0.6014622384693162,0.6328625873620819
383,0.5916843520483561,0.6081067567417415,0.6039678218646873,0.667829642551584,0.6713852376137512,0.6413404593384371
