TF_CellLine_Antibody_Lab,DeepBind*,DeepBind,MEME-SUM,MEME-M1
ARID3A_HepG2_ARID3A_(NB100-279)_Stanford,0.91804,0.79135,0.77985,0.73801
ARID3A_K562_ARID3A_(sc-8821)_Stanford,0.88754,0.80989,0.79652,0.60868
ATF1_K562_ATF1_(06-325)_Harvard,0.93404,0.95286,0.89956,0.91806
ATF2_GM12878_ATF2_(SC-81188)_HudsonAlpha,0.93099,0.82465,0.79012,0.62545
ATF2_H1-hESC_ATF2_(SC-81188)_HudsonAlpha,0.85265,0.79878,0.76493,0.77610
ATF3_H1-hESC_ATF3_HudsonAlpha,0.95359,0.92307,0.88725,0.83956
ATF3_HepG2_ATF3_HudsonAlpha,0.93414,0.88794,0.87209,0.74378
ATF3_K562_ATF3_HudsonAlpha,0.87820,0.93583,0.87122,0.58221
BACH1_H1-hESC_Bach1_(sc-14700)_Stanford,0.96876,0.95071,0.88392,0.85739
BACH1_K562_Bach1_(sc-14700)_Stanford,0.98640,0.98067,0.94526,0.95084
BATF_GM12878_BATF_HudsonAlpha,0.98754,0.97148,0.93060,0.96059
BCL11A_GM12878_BCL11A_HudsonAlpha,0.96225,0.85562,0.85397,0.67765
BCL11A_H1-hESC_BCL11A_HudsonAlpha,0.91275,0.88145,0.81927,0.69289
BCL3_GM12878_BCL3_HudsonAlpha,0.87831,0.77409,0.61992,0.55247
BCL3_K562_BCL3_HudsonAlpha,0.74876,0.75566,0.69452,0.68102
BCLAF1_GM12878_BCLAF1_(SC-101388)_HudsonAlpha,0.78970,0.75335,0.74999,0.68796
BCLAF1_K562_BCLAF1_(SC-101388)_HudsonAlpha,0.79671,0.70794,0.69363,0.68603
BDP1_K562_BDP1_Harvard,0.71670,0.73563,0.55914,0.54736
BHLHE40_A549_BHLHE40_Stanford,0.92631,0.90839,0.89572,0.89350
BHLHE40_GM12878_BHLHE40_(NB100-1800)_Stanford,0.93160,0.90013,0.89354,0.89695
BHLHE40_HepG2_BHLHE40_(NB100-1800)_Stanford,0.92317,0.88107,0.89864,0.88116
BHLHE40_HepG2_BHLHE40_HudsonAlpha,0.96071,0.93983,0.92980,0.91720
BHLHE40_K562_BHLHE40_(NB100-1800)_Stanford,0.95703,0.94159,0.92504,0.93129
BRCA1_GM12878_BRCA1_(A300-000A)_Stanford,0.97483,0.96594,0.95696,0.95664
BRCA1_H1-hESC_BRCA1_(A300-000A)_Stanford,0.90337,0.89037,0.82463,0.80055
BRCA1_HeLa-S3_BRCA1_(A300-000A)_Stanford,0.93532,0.92837,0.89158,0.76154
CBX3_K562_CBX3_(SC-101004)_HudsonAlpha,0.86907,0.74760,0.61929,0.53214
CCNT2_K562_CCNT2_Harvard,0.90036,0.80293,0.79290,0.65800
CEBPB_A549_CEBPB_Stanford,0.99254,0.97624,0.94638,0.98465
CEBPB_H1-hESC_CEBPB_Stanford,0.99456,0.99220,0.98809,0.98878
CEBPB_HeLa-S3_CEBPB_Stanford,0.98892,0.97485,0.95294,0.97694
CEBPB_HepG2_CEBPB_(SC-150)_HudsonAlpha,0.98808,0.97961,0.97683,0.97747
CEBPB_HepG2_CEBPB_Stanford,0.98947,0.98644,0.96333,0.98183
CEBPB_IMR90_CEBPB_Stanford,0.99480,0.98320,0.93748,0.98585
CEBPB_K562_CEBPB_(SC-150)_HudsonAlpha,0.97945,0.97675,0.96195,0.97262
CEBPB_K562_CEBPB_Stanford,0.99303,0.98608,0.92834,0.98494
CEBPD_HepG2_CEBPD_(SC-636)_HudsonAlpha,0.92724,0.90210,0.88424,0.79998
CHD1_GM12878_CHD1_(A301-218A)_Stanford,0.69700,0.62525,0.56807,0.54681
CHD1_H1-hESC_CHD1_(A301-218A)_Broad,0.68805,0.58953,0.58128,0.55816
CHD1_K562_CHD1_(A301-218A)_Broad,0.70404,0.59703,0.50633,0.49039
CHD2_GM12878_CHD2_(AB68301)_Stanford,0.88408,0.85085,0.90539,0.71048
CHD2_H1-hESC_CHD2_(AB68301)_Stanford,0.94344,0.91905,0.89664,0.72502
CHD2_HeLa-S3_CHD2_(AB68301)_Stanford,0.83664,0.91512,0.88626,0.71606
CHD2_HepG2_CHD2_(AB68301)_Stanford,0.95999,0.91670,0.92530,0.90525
CHD2_K562_CHD2_(AB68301)_Stanford,0.95394,0.88826,0.87602,0.87303
CTBP2_H1-hESC_CtBP2_USC,0.78053,0.63362,0.61279,0.61049
CTCFL_K562_CTCFL_(SC-98982)_HudsonAlpha,0.98674,0.97344,0.97272,0.98093
CTCF_A549_CTCF_UT-A,0.99883,0.99543,0.95038,0.96428
CTCF_A549_CTCF_UW,0.99297,0.98582,0.95890,0.94642
CTCF_AG04449_CTCF_UW,0.99715,0.98988,0.92241,0.98095
CTCF_AG04450_CTCF_UW,0.99868,0.99764,0.92860,0.97378
CTCF_AG09309_CTCF_UW,0.99600,0.99483,0.93092,0.98428
CTCF_AG09319_CTCF_UW,0.99751,0.99607,0.97679,0.98030
CTCF_AG10803_CTCF_UW,0.99433,0.99704,0.94466,0.97032
CTCF_AoAF_CTCF_UW,0.99599,0.99370,0.96587,0.97349
CTCF_BE(2)-C_CTCF_UW,0.99578,0.98920,0.96662,0.97632
CTCF_BJ_CTCF_UW,0.99886,0.99571,0.96713,0.97638
CTCF_Caco-2_CTCF_UW,0.99691,0.99294,0.95365,0.98170
CTCF_Dnd41_CTCF_Broad,0.99479,0.99217,0.94410,0.97295
CTCF_Fibrobl_CTCF_UT-A,0.99461,0.99134,0.94927,0.97248
CTCF_GM06990_CTCF_UW,0.99163,0.99347,0.92048,0.97189
CTCF_GM12801_CTCF_UW,0.99706,0.99414,0.92607,0.97433
CTCF_GM12864_CTCF_UW,0.99834,0.99522,0.95802,0.96633
CTCF_GM12865_CTCF_UW,0.99801,0.99584,0.95814,0.97352
CTCF_GM12872_CTCF_UW,0.99821,0.99300,0.94726,0.97730
CTCF_GM12873_CTCF_UW,0.99918,0.99672,0.94087,0.96612
CTCF_GM12874_CTCF_UW,0.99666,0.99311,0.94050,0.96768
CTCF_GM12875_CTCF_UW,0.99778,0.99339,0.93836,0.97020
CTCF_GM12878_CTCF_(SC-15914)_Stanford,0.99424,0.99039,0.96362,0.96842
CTCF_GM12878_CTCF_Broad,0.99086,0.98758,0.93119,0.96952
CTCF_GM12878_CTCF_UT-A,0.99758,0.99332,0.95874,0.96751
CTCF_GM12878_CTCF_UW,0.99762,0.99588,0.88030,0.96543
CTCF_GM12891_CTCF_UT-A,0.99655,0.99572,0.95860,0.98025
CTCF_GM12892_CTCF_UT-A,0.99581,0.99374,0.96147,0.96144
CTCF_GM19238_CTCF_UT-A,0.99785,0.99382,0.96938,0.98067
CTCF_GM19239_CTCF_UT-A,0.99456,0.98523,0.97138,0.97151
CTCF_GM19240_CTCF_UT-A,0.99741,0.99530,0.95647,0.97484
CTCF_Gliobla_CTCF_UT-A,0.99431,0.99322,0.93427,0.96368
CTCF_H1-hESC_CTCF_(SC-5916)_HudsonAlpha,0.99110,0.98572,0.96159,0.96575
CTCF_H1-hESC_CTCF_Broad,0.99795,0.99164,0.88724,0.95497
CTCF_H1-hESC_CTCF_UT-A,0.99386,0.99450,0.94761,0.97243
CTCF_HA-sp_CTCF_UW,0.99892,0.99728,0.94978,0.98062
CTCF_HAc_CTCF_UW,0.99755,0.99315,0.96996,0.97644
CTCF_HBMEC_CTCF_UW,0.99911,0.99548,0.93397,0.97231
CTCF_HCFaa_CTCF_UW,0.99700,0.99413,0.96961,0.96378
CTCF_HCM_CTCF_UW,0.99503,0.98917,0.96244,0.97038
CTCF_HCPEpiC_CTCF_UW,0.99794,0.99359,0.91395,0.96074
CTCF_HCT-116_CTCF_UW,0.99682,0.99540,0.96572,0.96814
CTCF_HEEpiC_CTCF_UW,0.99723,0.99811,0.94817,0.97581
CTCF_HEK293_CTCF_UW,0.99778,0.99682,0.95450,0.95850
CTCF_HFF-Myc_CTCF_UW,0.99726,0.99500,0.95561,0.95855
CTCF_HFF_CTCF_UW,0.99626,0.99129,0.94363,0.96488
CTCF_HMEC_CTCF_Broad,0.99568,0.99707,0.95810,0.97066
CTCF_HMEC_CTCF_UW,0.99586,0.99324,0.96455,0.96558
CTCF_HMF_CTCF_UW,0.99872,0.99510,0.93585,0.98588
CTCF_HPAF_CTCF_UW,0.99871,0.99586,0.97710,0.97299
CTCF_HPF_CTCF_UW,0.99664,0.99751,0.93018,0.96648
CTCF_HRE_CTCF_UW,0.99721,0.99223,0.93251,0.97744
CTCF_HRPEpiC_CTCF_UW,0.99683,0.99497,0.95252,0.97282
CTCF_HSMM_CTCF_Broad,0.99721,0.99399,0.96572,0.97731
CTCF_HSMMtube_CTCF_Broad,0.99701,0.98831,0.94046,0.97608
CTCF_HUVEC_CTCF_Broad,0.99040,0.98753,0.93133,0.97761
CTCF_HUVEC_CTCF_UT-A,0.99857,0.99870,0.91174,0.97581
CTCF_HUVEC_CTCF_UW,0.99864,0.98885,0.94304,0.97732
CTCF_HVMF_CTCF_UW,0.99772,0.99618,0.95795,0.95396
CTCF_HeLa-S3_CTCF_Broad,0.99323,0.99024,0.95131,0.96830
CTCF_HeLa-S3_CTCF_UT-A,0.99751,0.99286,0.94488,0.97579
CTCF_HeLa-S3_CTCF_UW,0.99816,0.99323,0.87672,0.95575
CTCF_HepG2_CTCF_(SC-5916)_HudsonAlpha,0.99587,0.99099,0.98699,0.98961
CTCF_HepG2_CTCF_Broad,0.99402,0.98987,0.91911,0.93383
CTCF_HepG2_CTCF_UT-A,0.99959,0.99669,0.94829,0.94310
CTCF_HepG2_CTCF_UW,0.99554,0.99260,0.97265,0.97243
CTCF_IMR90_CTCF_(SC-15914)_Stanford,0.99329,0.99211,0.97308,0.97274
CTCF_K562_CTCF_(SC-15914)_Stanford,0.99291,0.98848,0.91957,0.95734
CTCF_K562_CTCF_(SC-5916)_HudsonAlpha,0.99154,0.98399,0.94344,0.94702
CTCF_K562_CTCF_Broad,0.98939,0.98092,0.95044,0.96767
CTCF_K562_CTCF_UT-A,0.99601,0.99338,0.94301,0.95424
CTCF_K562_CTCF_UW,0.99642,0.98445,0.95760,0.95886
CTCF_MCF-7_CTCF_UT-A,0.99303,0.98641,0.96976,0.97260
CTCF_MCF-7_CTCF_UW,0.99758,0.99094,0.96644,0.97755
CTCF_NB4_CTCF_UW,0.99861,0.99592,0.94853,0.97861
CTCF_NH-A_CTCF_Broad,0.99779,0.99437,0.96059,0.97374
CTCF_NHDF-Ad_CTCF_Broad,0.99610,0.99375,0.89195,0.98163
CTCF_NHDF-neo_CTCF_UW,0.99828,0.99641,0.96063,0.96400
CTCF_NHEK_CTCF_Broad,0.99479,0.99348,0.96900,0.97641
CTCF_NHEK_CTCF_UT-A,0.99534,0.99311,0.95582,0.96016
CTCF_NHEK_CTCF_UW,0.99694,0.99369,0.95376,0.96474
CTCF_NHLF_CTCF_Broad,0.99544,0.99387,0.90958,0.96949
CTCF_NHLF_CTCF_UW,0.99761,0.99162,0.93954,0.97438
CTCF_Osteoblasts_CTCF_Broad,0.99720,0.99185,0.96790,0.96818
CTCF_ProgFib_CTCF_UT-A,0.99630,0.99292,0.97700,0.98134
CTCF_RPTEC_CTCF_UW,0.99690,0.99536,0.96176,0.96679
CTCF_SAEC_CTCF_UW,0.99347,0.98680,0.96285,0.96610
CTCF_SK-N-SH-(Retinoic-Acid)_CTCF_HudsonAlpha,0.99766,0.99480,0.91758,0.96461
CTCF_SK-N-SH-(Retinoic-Acid)_CTCF_UW,0.99357,0.99233,0.97645,0.97645
CTCF_WERI-Rb-1_CTCF_UW,0.99557,0.99015,0.94518,0.97461
CTCF_WI-38_CTCF_UW,0.99772,0.99500,0.91215,0.92847
E2F1_HeLa-S3_E2F1_USC,0.84988,0.76858,0.58507,0.62382
E2F1_HeLa-S3_HA-E2F1_USC,0.84901,0.65633,0.62930,0.61672
E2F1_MCF-7_HA-E2F1_USC,0.85337,0.73108,0.66790,0.64976
E2F4_GM12878_E2F4_Stanford,0.91344,0.90304,0.88645,0.74214
E2F4_HeLa-S3_E2F4_USC,0.87848,0.85978,0.86826,0.78948
E2F4_K562_E2F4_USC,0.87448,0.82318,0.86938,0.77157
E2F6_HeLa-S3_E2F6_USC,0.83969,0.81450,0.81278,0.73918
E2F6_K562_E2F6_HudsonAlpha,0.90572,0.88621,0.87643,0.77566
E2F6_K562_E2F6_USC,0.91401,0.75593,0.86846,0.75066
EBF1_GM12878_EBF1_(SC-137065)_HudsonAlpha,0.97701,0.90079,0.85207,0.87572
EBF1_GM12878_EBF1_(SC-137065)_Stanford,0.97793,0.95709,0.86273,0.94492
EGR1_GM12878_Egr-1_HudsonAlpha,0.94433,0.93066,0.89475,0.90565
EGR1_H1-hESC_Egr-1_HudsonAlpha,0.91874,0.85673,0.83926,0.80663
EGR1_K562_Egr-1_HudsonAlpha,0.98276,0.96990,0.91835,0.93513
ELF1_GM12878_ELF1_(SC-631)_HudsonAlpha,0.98021,0.97032,0.96055,0.96309
ELF1_HepG2_ELF1_(SC-631)_HudsonAlpha,0.98286,0.97320,0.96571,0.97276
ELF1_K562_ELF1_(SC-631)_HudsonAlpha,0.98800,0.98189,0.97579,0.98037
ELK1_GM12878_ELK1_(1277-1)_Stanford,0.95285,0.94789,0.94134,0.93170
ELK1_HeLa-S3_ELK1_(1277-1)_Stanford,0.96163,0.94907,0.94099,0.94620
ELK4_HeLa-S3_ELK4_USC,0.93594,0.91305,0.91099,0.91363
EP300_GM12878_p300_HudsonAlpha,0.84435,0.71855,0.76026,0.66806
EP300_GM12878_p300_Stanford,0.89804,0.80648,0.72652,0.64109
EP300_H1-hESC_p300_HudsonAlpha,0.80863,0.69761,0.67538,0.55214
EP300_HeLa-S3_p300_(SC-584)_Stanford,0.91962,0.90231,0.87544,0.79160
EP300_HepG2_p300_HudsonAlpha,0.92598,0.86237,0.84968,0.75584
EP300_K562_p300_Stanford,0.95523,0.91325,0.88185,0.88024
EP300_SK-N-SH-(Retinoic-Acid)_p300_HudsonAlpha,0.91189,0.79367,0.72094,0.69723
ETS1_GM12878_ETS1_HudsonAlpha,0.91390,0.87854,0.87894,0.67050
ETS1_K562_ETS1_HudsonAlpha,0.83103,0.75715,0.79250,0.71478
EZH2_GM12878_EZH2_(39875)_Broad,0.69666,0.64093,0.56708,0.52545
EZH2_H1-hESC_EZH2_(39875)_Broad,0.73057,0.67059,0.53471,0.53115
EZH2_HMEC_EZH2_(39875)_Broad,0.70548,0.65182,0.56588,0.53656
EZH2_HSMMtube_EZH2_(39875)_Broad,0.71909,0.65047,0.58071,0.53256
EZH2_HUVEC_EZH2_(39875)_Broad,0.74696,0.66282,0.56432,0.55790
EZH2_NH-A_EZH2_(39875)_Broad,0.74926,0.65805,0.53288,0.52597
EZH2_NHDF-Ad_EZH2_(39875)_Broad,0.77056,0.62406,0.54887,0.51640
EZH2_NHEK_EZH2_(39875)_Broad,0.75244,0.60911,0.57536,0.55542
EZH2_NHLF_EZH2_(39875)_Broad,0.72529,0.61416,0.58436,0.54892
FAM48A_HeLa-S3_SPT20_Stanford,0.63538,0.57350,0.55409,0.53877
FOSL1_H1-hESC_FOSL1_(SC-183)_HudsonAlpha,0.76050,0.75701,0.95965,0.82356
FOSL1_K562_FOSL1_(SC-183)_HudsonAlpha,0.98996,0.98630,0.96775,0.95027
FOSL2_HepG2_FOSL2_HudsonAlpha,0.98888,0.98073,0.96390,0.95428
FOS_HUVEC_c-Fos_USC,0.98379,0.95712,0.99246,0.98370
FOS_HeLa-S3_c-Fos_Yale,0.97748,0.96647,0.71242,0.67617
FOS_K562_c-Fos_Yale,0.98328,0.97005,0.95652,0.95208
FOS_K562_eGFP-FOS_UChicago,0.99553,0.99020,0.95662,0.97062
FOXA1_HepG2_FOXA1_(SC-101058)_HudsonAlpha,0.98176,0.97667,0.94700,0.96736
FOXA1_HepG2_FOXA1_(SC-6553)_HudsonAlpha,0.98575,0.96765,0.95300,0.97035
FOXA2_HepG2_FOXA2_(SC-6554)_HudsonAlpha,0.98447,0.96626,0.95221,0.95772
FOXM1_GM12878_FOXM1_(SC-502)_HudsonAlpha,0.91634,0.77646,0.77433,0.65724
FOXP2_PFSK-1_FOXP2_HudsonAlpha,0.89592,0.78514,0.79487,0.65857
FOXP2_SK-N-MC_FOXP2_HudsonAlpha,0.89936,0.83488,0.79986,0.77946
GABPA_GM12878_GABP_HudsonAlpha,0.97970,0.97006,0.96481,0.96103
GABPA_H1-hESC_GABP_HudsonAlpha,0.97087,0.97707,0.95882,0.96057
GABPA_HeLa-S3_GABP_HudsonAlpha,0.97627,0.96303,0.96506,0.96556
GABPA_HepG2_GABP_HudsonAlpha,0.97192,0.97237,0.94918,0.95517
GABPA_K562_GABP_HudsonAlpha,0.97111,0.97085,0.96247,0.96252
GATA1_K562_GATA-1_USC,0.95964,0.95441,0.82982,0.94050
GATA1_PBDE_GATA-1_USC,0.95626,0.95410,0.93742,0.93480
GATA2_HUVEC_GATA-2_USC,0.94616,0.92097,0.88591,0.83164
GATA2_K562_GATA-2_USC,0.97255,0.95725,0.86629,0.88831
GATA2_K562_GATA2_(SC-267)_HudsonAlpha,0.97696,0.96348,0.87841,0.95706
GATA2_K562_eGFP-GATA2_UChicago,0.93679,0.92953,0.94126,0.94952
GATA2_SH-SY5Y_GATA-2_USC,0.94740,0.91852,0.86165,0.88159
GATA3_MCF-7_GATA3_(SC-268)_USC,0.80366,0.75211,0.70647,0.59280
GATA3_MCF-7_GATA3_(SC-269)_USC,0.89395,0.78087,0.75790,0.74640
GATA3_SH-SY5Y_GATA3_(SC-269)_USC,0.93096,0.88450,0.81494,0.86402
GTF2B_K562_GTF2B_Harvard,0.75183,0.66407,0.61673,0.56651
GTF2F1_H1-hESC_GTF2F1_(AB28179)_Stanford,0.78074,0.72531,0.69890,0.57319
GTF2F1_HeLa-S3_GTF2F1_(AB28179)_Stanford,0.77120,0.62341,0.61294,0.51950
HDAC1_K562_HDAC1_(SC-6298)_Broad,0.71932,0.65349,0.59620,0.56531
HDAC2_H1-hESC_HDAC2_(SC-6296)_HudsonAlpha,0.83982,0.71617,0.65515,0.54661
HDAC2_HepG2_HDAC2_(SC-6296)_HudsonAlpha,0.93572,0.85736,0.84704,0.75657
HDAC2_K562_HDAC2_(A300-705A)_Broad,0.78004,0.72564,0.66856,0.56134
HDAC2_K562_HDAC2_(SC-6296)_HudsonAlpha,0.93140,0.86109,0.84998,0.72582
HDAC6_K562_HDAC6_(A301-341A)_Broad,0.62572,0.60046,0.54562,0.51364
HMGN3_K562_HMGN3_Harvard,0.85716,0.67111,0.77998,0.60525
HNF4A_HepG2_HNF4A_(SC-8987)_HudsonAlpha,0.98610,0.95852,0.86846,0.95020
HNF4G_HepG2_HNF4G_(SC-6558)_HudsonAlpha,0.97489,0.95248,0.91484,0.93118
IKZF1_GM12878_IKZF1_(IkN)_(UCLA)_USC,0.80112,0.69841,0.68430,0.63200
IRF3_HeLa-S3_IRF3_Stanford,0.95920,0.95865,0.93223,0.93458
IRF4_GM12878_IRF4_(SC-6059)_HudsonAlpha,0.97236,0.95481,0.87438,0.74060
JUNB_K562_eGFP-JunB_UChicago,0.98010,0.96389,0.89339,0.67895
JUND_H1-hESC_JunD_HudsonAlpha,0.89352,0.91101,0.92461,0.90778
JUND_H1-hESC_JunD_Stanford,0.93267,0.89183,0.95251,0.93592
JUND_HeLa-S3_JunD_Stanford,0.99452,0.98953,0.96596,0.92240
JUND_HepG2_JunD_HudsonAlpha,0.98457,0.95150,0.96276,0.87012
JUND_HepG2_JunD_Stanford,0.99226,0.99076,0.95999,0.94759
JUND_K562_JunD_Stanford,0.97890,0.96042,0.87236,0.66194
JUND_K562_eGFP-JunD_UChicago,0.99379,0.98446,0.85620,0.83697
JUN_H1-hESC_c-Jun_Stanford,0.87622,0.90524,0.98724,0.98573
JUN_HUVEC_c-Jun_Stanford,0.98901,0.95304,0.95070,0.93725
JUN_HeLa-S3_c-Jun_Stanford,0.98115,0.94667,0.96975,0.95824
JUN_HepG2_c-Jun_Stanford,0.98764,0.96499,0.98034,0.89683
JUN_K562_c-Jun_Yale,0.98381,0.97436,0.95146,0.87065
KAP1_HEK293_KAP1_USC,0.76725,0.74450,0.59088,0.56961
KAP1_K562_KAP1_USC,0.91237,0.85844,0.76091,0.62982
KAP1_U2OS_KAP1_USC,0.81389,0.64042,0.61679,0.55026
KDM5A_H1-hESC_JARID1A_(ab26049)_Broad,0.80116,0.73450,0.78091,0.69838
KDM5B_K562_PLU1_Broad,0.81491,0.67062,0.64860,0.59356
MAFF_HepG2_MafF_(M8194)_Stanford,0.99862,0.99759,0.97709,0.98205
MAFF_K562_MafF_(M8194)_Stanford,0.99823,0.98978,0.94804,0.98118
MAFK_H1-hESC_MafK_(ab50322)_Stanford,0.99300,0.99028,0.96423,0.96051
MAFK_HeLa-S3_MafK_(ab50322)_Stanford,0.99706,0.98648,0.95928,0.96180
MAFK_HepG2_MafK_(SC-477)_Stanford,0.99933,0.98661,0.97751,0.99378
MAFK_HepG2_MafK_(ab50322)_Stanford,0.99990,0.99717,0.97660,0.97916
MAFK_IMR90_MafK_(ab50322)_Stanford,0.99982,0.99757,0.98518,0.98924
MAFK_K562_MafK_(ab50322)_Stanford,0.99948,0.99789,0.96466,0.94790
MAX_A549_Max_Stanford,0.94543,0.91736,0.91568,0.91981
MAX_GM12878_Max_Stanford,0.93338,0.86859,0.89138,0.86924
MAX_H1-hESC_Max_USC,0.92785,0.89305,0.90146,0.87659
MAX_HUVEC_Max_Stanford,0.98322,0.96384,0.89162,0.89305
MAX_HeLa-S3_Max_Stanford,0.94183,0.90289,0.93247,0.95257
MAX_HepG2_Max_Stanford,0.96932,0.96072,0.96705,0.97081
MAX_K562_Max_HudsonAlpha,0.94309,0.90442,0.92076,0.91478
MAX_K562_Max_Stanford,0.94003,0.91589,0.92652,0.92897
MAX_NB4_Max_Stanford,0.98286,0.97479,0.97885,0.97703
MAZ_GM12878_MAZ_(ab85725)_Stanford,0.87518,0.82887,0.81317,0.78110
MAZ_HeLa-S3_MAZ_(ab85725)_Stanford,0.88516,0.76720,0.80640,0.64125
MAZ_HepG2_MAZ_(ab85725)_Stanford,0.88158,0.80107,0.78692,0.78134
MAZ_K562_MAZ_(ab85725)_Stanford,0.92170,0.82007,0.81475,0.76766
MEF2A_GM12878_MEF2A_HudsonAlpha,0.97787,0.91607,0.89878,0.90460
MEF2A_K562_MEF2A_HudsonAlpha,0.97123,0.93773,0.90556,0.91154
MEF2C_GM12878_MEF2C_(SC-13268)_HudsonAlpha,0.97502,0.92492,0.93105,0.90781
MTA3_GM12878_MTA3_(SC-81325)_HudsonAlpha,0.89432,0.69982,0.78320,0.66360
MXI1_GM12878_Mxi1_(AF4185)_Stanford,0.87258,0.81501,0.80833,0.65890
MXI1_H1-hESC_Mxi1_(AF4185)_Stanford,0.87291,0.86999,0.85228,0.51102
MXI1_HeLa-S3_Mxi1_(AF4185)_Stanford,0.91355,0.85477,0.87185,0.78405
MXI1_HepG2_Mxi1_(AF4185)_Stanford,0.89091,0.86320,0.83220,0.59689
MXI1_K562_Mxi1_(AF4185)_Stanford,0.93237,0.87383,0.86713,0.73517
MYBL2_HepG2_MYBL2_(SC-81192)_HudsonAlpha,0.78342,0.71889,0.70407,0.57510
MYC_H1-hESC_c-Myc_Stanford,0.93007,0.85509,0.84313,0.82963
MYC_HUVEC_c-Myc_UT-A,0.93967,0.88499,0.86968,0.85822
MYC_HeLa-S3_c-Myc_UT-A,0.88983,0.84934,0.87870,0.85845
MYC_HeLa-S3_c-Myc_Yale,0.92395,0.86770,0.88278,0.85338
MYC_K562_c-Myc_Stanford,0.88448,0.86774,0.87519,0.82601
MYC_K562_c-Myc_UT-A,0.93749,0.88800,0.89325,0.88018
MYC_NB4_c-Myc_Stanford,0.93146,0.89671,0.90303,0.90310
NANOG_H1-hESC_NANOG_(SC-33759)_HudsonAlpha,0.95269,0.92493,0.86416,0.71630
NFATC1_GM12878_NFATC1_(SC-17834)_HudsonAlpha,0.85794,0.79196,0.64378,0.51734
NFE2_K562_NF-E2_Yale,0.99680,0.99376,0.96588,0.91498
NFIC_GM12878_NFIC_(SC-81335)_HudsonAlpha,0.92903,0.73547,0.78825,0.61044
NFIC_HepG2_NFIC_(SC-81335)_HudsonAlpha,0.89372,0.79655,0.82862,0.75829
NFYA_GM12878_NF-YA_Harvard,0.94150,0.94039,0.92938,0.92537
NFYA_HeLa-S3_NF-YA_Harvard,0.97667,0.95843,0.94764,0.94270
NFYA_K562_NF-YA_Stanford,0.97296,0.97658,0.95820,0.95865
NFYB_GM12878_NF-YB_Harvard,0.98954,0.98582,0.97192,0.97590
NFYB_HeLa-S3_NF-YB_Harvard,0.98818,0.98716,0.97074,0.97673
NFYB_K562_NF-YB_Stanford,0.99316,0.99057,0.97772,0.97418
NR2C2_GM12878_TR4_USC,0.73680,0.73590,0.62420,0.48527
NR2C2_HeLa-S3_TR4_USC,0.90925,0.91535,0.84130,0.73116
NR2C2_HepG2_TR4_USC,0.87104,0.88677,0.83213,0.74716
NR2F2_K562_NR2F2_(SC-271940)_HudsonAlpha,0.95311,0.91232,0.88461,0.85280
NRF1_GM12878_Nrf1_Stanford,0.99541,0.98673,0.98054,0.97502
NRF1_H1-hESC_Nrf1_Stanford,0.99637,0.99397,0.98310,0.98918
NRF1_HeLa-S3_Nrf1_Stanford,0.98836,0.98101,0.97292,0.97110
NRF1_K562_Nrf1_Stanford,0.99180,0.98641,0.96957,0.96954
PAX5_GM12878_PAX5-C20_HudsonAlpha,0.96638,0.94197,0.89398,0.90068
PAX5_GM12878_PAX5-N19_HudsonAlpha,0.93212,0.81021,0.81487,0.73858
PAX5_GM12891_PAX5-C20_HudsonAlpha,0.95201,0.92702,0.86163,0.84757
PAX5_GM12892_PAX5-C20_HudsonAlpha,0.89586,0.87267,0.81739,0.79978
PBX3_GM12878_Pbx3_HudsonAlpha,0.90865,0.97470,0.95342,0.91573
PHF8_K562_PHF8_(A301-772A)_Broad,0.76690,0.68571,0.59769,0.57008
PML_GM12878_PML_(SC-71910)_HudsonAlpha,0.75866,0.67726,0.57800,0.58257
PML_K562_PML_(SC-71910)_HudsonAlpha,0.90350,0.83982,0.84849,0.84945
POLR2A_A549_Pol2(phosphoS2)_Stanford,0.64930,0.58431,0.55276,0.50666
POLR2A_A549_Pol2_UT-A,0.80919,0.69524,0.65478,0.61738
POLR2A_GM12878_Pol2(phosphoS2)_Stanford,0.74108,0.68808,0.67742,0.67629
POLR2A_GM12878_Pol2-4H8_HudsonAlpha,0.78704,0.67733,0.64341,0.58447
POLR2A_GM12878_Pol2_HudsonAlpha,0.82958,0.73828,0.67400,0.64512
POLR2A_GM12878_Pol2_Stanford,0.76270,0.69562,0.58451,0.56429
POLR2A_GM12878_Pol2_UT-A,0.78421,0.69859,0.65214,0.58058
POLR2A_GM12891_Pol2-4H8_HudsonAlpha,0.73990,0.66856,0.61585,0.61714
POLR2A_GM12891_Pol2_HudsonAlpha,0.77836,0.70328,0.65758,0.63126
POLR2A_GM12891_Pol2_Stanford,0.72356,0.62814,0.57975,0.57702
POLR2A_GM12892_Pol2-4H8_HudsonAlpha,0.78523,0.69394,0.65904,0.62861
POLR2A_GM12892_Pol2_HudsonAlpha,0.78527,0.66904,0.66680,0.59092
POLR2A_GM12892_Pol2_Stanford,0.79970,0.68821,0.66676,0.57823
POLR2A_GM15510_Pol2_Stanford,0.79664,0.71261,0.59546,0.52428
POLR2A_GM18505_Pol2_Stanford,0.81399,0.70066,0.66662,0.64601
POLR2A_GM18526_Pol2_Stanford,0.79168,0.66710,0.65358,0.62840
POLR2A_GM18951_Pol2_Stanford,0.81830,0.69935,0.62048,0.64183
POLR2A_GM19099_Pol2_Stanford,0.79347,0.70743,0.66156,0.63900
POLR2A_GM19193_Pol2_Stanford,0.80033,0.71976,0.64607,0.65760
POLR2A_Gliobla_Pol2_UT-A,0.80272,0.68022,0.63276,0.61384
POLR2A_H1-hESC_Pol2-4H8_HudsonAlpha,0.76966,0.69094,0.65850,0.61927
POLR2A_H1-hESC_Pol2_HudsonAlpha,0.76960,0.68039,0.69268,0.65975
POLR2A_H1-hESC_Pol2_UT-A,0.83790,0.74015,0.60725,0.60635
POLR2A_HCT-116_Pol2-4H8_HudsonAlpha,0.77636,0.66632,0.59582,0.50400
POLR2A_HCT-116_Pol2_USC,0.75972,0.62067,0.59997,0.60467
POLR2A_HUVEC_Pol2-4H8_HudsonAlpha,0.80974,0.67346,0.65007,0.59280
POLR2A_HUVEC_Pol2_HudsonAlpha,0.80301,0.71844,0.61928,0.57152
POLR2A_HUVEC_Pol2_Stanford,0.75883,0.64022,0.61356,0.61339
POLR2A_HUVEC_Pol2_UT-A,0.80848,0.68201,0.65636,0.59869
POLR2A_HeLa-S3_Pol2(phosphoS2)_Stanford,0.74299,0.65775,0.56246,0.51990
POLR2A_HeLa-S3_Pol2_HudsonAlpha,0.80757,0.70178,0.61894,0.62027
POLR2A_HeLa-S3_Pol2_UT-A,0.79723,0.49972,0.66546,0.60038
POLR2A_HeLa-S3_Pol2_Yale,0.80038,0.64468,0.58088,0.56609
POLR2A_HepG2_Pol2(phosphoS2)_Stanford,0.65923,0.61041,0.63226,0.56716
POLR2A_HepG2_Pol2-4H8_HudsonAlpha,0.79532,0.62849,0.57010,0.59036
POLR2A_HepG2_Pol2_HudsonAlpha,0.74415,0.67371,0.63731,0.50642
POLR2A_HepG2_Pol2_Stanford,0.77032,0.51896,0.62108,0.61580
POLR2A_HepG2_Pol2_UT-A,0.78216,0.61046,0.70170,0.64796
POLR2A_IMR90_Pol2_Stanford,0.76335,0.67383,0.60182,0.49223
POLR2A_K562_Pol2(b)_Broad,0.80028,0.72506,0.67924,0.60219
POLR2A_K562_Pol2(phosphoS2)_Stanford,0.68826,0.63382,0.55006,0.50980
POLR2A_K562_Pol2-4H8_HudsonAlpha,0.87094,0.80404,0.71203,0.68526
POLR2A_K562_Pol2_HudsonAlpha,0.83863,0.73878,0.68810,0.62091
POLR2A_K562_Pol2_Stanford,0.81200,0.70032,0.63914,0.57599
POLR2A_K562_Pol2_UT-A,0.81987,0.70796,0.69281,0.64858
POLR2A_K562_Pol2_Yale,0.81587,0.67198,0.75796,0.71168
POLR2A_MCF-7_Pol2_UT-A,0.81816,0.72292,0.64805,0.58404
POLR2A_PANC-1_Pol2-4H8_HudsonAlpha,0.77563,0.66290,0.65488,0.57186
POLR2A_PBDE_Pol2_USC,0.78878,0.64736,0.64280,0.58230
POLR2A_ProgFib_Pol2_UT-A,0.81550,0.69127,0.68994,0.67148
POLR2A_Raji_Pol2_USC,0.75135,0.65873,0.63500,0.56802
POLR2A_SK-N-MC_Pol2-4H8_HudsonAlpha,0.89167,0.79731,0.78198,0.71585
POLR2A_SK-N-SH_Pol2-4H8_HudsonAlpha,0.77112,0.68367,0.60833,0.59020
POLR2A_U87_Pol2-4H8_HudsonAlpha,0.76932,0.66435,0.60228,0.55414
POU2F2_GM12878_POU2F2_HudsonAlpha,0.93261,0.87755,0.86086,0.82270
POU2F2_GM12891_POU2F2_HudsonAlpha,0.93575,0.89737,0.88608,0.86548
POU5F1_H1-hESC_POU5F1_(SC-9081)_HudsonAlpha,0.97697,0.95884,0.91060,0.91886
PRDM1_HeLa-S3_PRDM1_(9115)_Stanford,0.98151,0.97187,0.93712,0.96088
RAD21_A549_Rad21_Stanford,0.99876,0.99669,0.97841,0.97923
RAD21_GM12878_Rad21_HudsonAlpha,0.99766,0.99745,0.97616,0.97738
RAD21_GM12878_Rad21_Stanford,0.99812,0.99640,0.98095,0.98095
RAD21_H1-hESC_Rad21_HudsonAlpha,0.99670,0.99683,0.98019,0.98159
RAD21_H1-hESC_Rad21_Stanford,0.99628,0.99828,0.97426,0.97939
RAD21_HeLa-S3_Rad21_Stanford,0.99544,0.99603,0.95886,0.97710
RAD21_HepG2_Rad21_HudsonAlpha,0.99593,0.99676,0.96518,0.97157
RAD21_HepG2_Rad21_Stanford,0.99661,0.99683,0.97806,0.97772
RAD21_IMR90_Rad21_Stanford,0.99708,0.99828,0.98176,0.98176
RAD21_K562_Rad21_HudsonAlpha,0.99815,0.99559,0.95987,0.96305
RAD21_SK-N-SH-(Retinoic-Acid)_Rad21_HudsonAlpha,0.99960,0.99771,0.96216,0.97959
RBBP5_H1-hESC_RBBP5_(A300-109A)_Broad,0.73001,0.66732,0.53881,0.52712
RBBP5_K562_RBBP5_(A300-109A)_Broad,0.78893,0.67828,0.62127,0.60752
RCOR1_HeLa-S3_COREST_(sc-30189)_Stanford,0.86933,0.70617,0.73042,0.62394
RCOR1_HepG2_COREST_(sc-30189)_Stanford,0.85578,0.72311,0.69849,0.57453
RCOR1_K562_COREST_(ab24166)_Stanford,0.87960,0.84222,0.82742,0.84342
RCOR1_K562_COREST_(sc-30189)_Stanford,0.92403,0.87761,0.83206,0.78784
REST_GM12878_NRSF_HudsonAlpha,0.99934,0.99921,0.99468,0.93764
REST_H1-hESC_NRSF_HudsonAlpha,0.99987,0.99956,0.98856,0.94244
REST_HeLa-S3_NRSF_HudsonAlpha,0.99957,0.99936,0.99114,0.94419
REST_HepG2_NRSF_HudsonAlpha,0.99821,0.99912,0.98983,0.95514
REST_K562_NRSF_HudsonAlpha,0.99866,0.99968,0.99553,0.93270
REST_PANC-1_NRSF_HudsonAlpha,0.99857,0.99821,0.99040,0.93814
REST_PFSK-1_NRSF_HudsonAlpha,0.99909,0.99889,0.99479,0.91356
REST_SK-N-SH_NRSF_HudsonAlpha,0.97884,0.98702,0.96990,0.93290
REST_U87_NRSF_HudsonAlpha,0.99564,0.99809,0.98886,0.92222
RFX5_GM12878_RFX5_(200-401-194)_Stanford,0.97281,0.96788,0.92112,0.79158
RFX5_H1-hESC_RFX5_(200-401-194)_Stanford,0.91385,0.90017,0.88482,0.87768
RFX5_HeLa-S3_RFX5_(200-401-194)_Stanford,0.95454,0.94756,0.89190,0.85278
RFX5_HepG2_RFX5_(200-401-194)_Stanford,0.93688,0.94939,0.94680,0.89803
RFX5_K562_RFX5_(200-401-194)_Stanford,0.88234,0.84720,0.81161,0.73430
RPC155_HeLa-S3_RPC155_Harvard,0.94541,0.92740,0.83500,0.66880
RUNX3_GM12878_RUNX3_(SC-101553)_HudsonAlpha,0.97420,0.93657,0.92966,0.92143
RXRA_GM12878_RXRA_HudsonAlpha,0.72348,0.71496,0.64227,0.56725
RXRA_HepG2_RXRA_HudsonAlpha,0.93904,0.85840,0.85786,0.82942
SAP30_K562_SAP30_(39731)_Broad,0.67138,0.60625,0.59861,0.53670
SETDB1_K562_SETDB1_USC,0.86471,0.82050,0.62760,0.64138
SETDB1_U2OS_SETDB1_USC,0.92783,0.90926,0.75104,0.56708
SIN3AK20_H1-hESC_Sin3Ak-20_HudsonAlpha,0.92793,0.82137,0.65463,0.57510
SIN3AK20_HepG2_Sin3Ak-20_HudsonAlpha,0.81543,0.73799,0.84219,0.62228
SIN3AK20_K562_Sin3Ak-20_HudsonAlpha,0.79662,0.78297,0.83345,0.64383
SIN3AK20_PFSK-1_Sin3Ak-20_HudsonAlpha,0.83157,0.76936,0.72848,0.53608
SIN3AK20_SK-N-SH_Sin3Ak-20_HudsonAlpha,0.80875,0.66542,0.74966,0.56271
SIN3A_GM12878_SIN3A_(NB600-1263)_Stanford,0.77911,0.72163,0.72526,0.55966
SIN3A_H1-hESC_SIN3A_(NB600-1263)_Stanford,0.89545,0.74180,0.71294,0.53069
SIRT6_K562_SIRT6_Harvard,0.87737,0.86329,0.83694,0.73022
SIX5_GM12878_SIX5_HudsonAlpha,0.98271,0.95841,0.95328,0.92253
SIX5_H1-hESC_SIX5_HudsonAlpha,0.99094,0.96386,0.95002,0.96002
SIX5_K562_SIX5_HudsonAlpha,0.98543,0.93398,0.94731,0.93245
SMARCB1_HeLa-S3_Ini1_Stanford,0.75634,0.63875,0.62439,0.59142
SMC3_GM12878_SMC3_(ab9263)_Stanford,0.99843,0.99683,0.97486,0.98159
SMC3_HeLa-S3_SMC3_(ab9263)_Stanford,0.99545,0.99629,0.96722,0.97620
SMC3_HepG2_SMC3_(ab9263)_Stanford,0.99655,0.99347,0.97378,0.97672
SMC3_K562_SMC3_(ab9263)_Stanford,0.99823,0.99686,0.96396,0.98268
SP1_GM12878_SP1_HudsonAlpha,0.90003,0.89811,0.91744,0.88278
SP1_H1-hESC_SP1_HudsonAlpha,0.90977,0.89873,0.84702,0.76814
SP1_HepG2_SP1_HudsonAlpha,0.89921,0.75533,0.83032,0.67108
SP1_K562_SP1_HudsonAlpha,0.91156,0.85385,0.86338,0.78566
SP2_H1-hESC_SP2_(SC-643)_HudsonAlpha,0.94551,0.95161,0.92609,0.79003
SP2_K562_SP2_(SC-643)_HudsonAlpha,0.91621,0.90956,0.91829,0.75218
SP4_H1-hESC_SP4_(V-20)_HudsonAlpha,0.80808,0.68655,0.74324,0.64248
SPI1_GM12878_PU_1_HudsonAlpha,0.99930,0.99767,0.93666,0.99611
SPI1_GM12891_PU_1_HudsonAlpha,0.99815,0.99801,0.95876,0.99101
SPI1_K562_PU_1_HudsonAlpha,0.99827,0.99428,0.95075,0.98937
SRF_H1-hESC_SRF_HudsonAlpha,0.95988,0.93890,0.90770,0.81534
SRF_HepG2_SRF_HudsonAlpha,0.95411,0.91249,0.90864,0.85479
SRF_K562_SRF_HudsonAlpha,0.83251,0.88313,0.84931,0.67236
STAT3_HeLa-S3_STAT3_Stanford,0.97501,0.92539,0.90031,0.85747
STAT5A_GM12878_STAT5A_(SC-74442)_HudsonAlpha,0.86750,0.76643,0.76451,0.53679
STAT5A_K562_STAT5A_(SC-74442)_HudsonAlpha,0.96881,0.95845,0.92726,0.67741
SUZ12_H1-hESC_SUZ12_USC,0.65780,0.66115,0.51610,0.52490
TAF1_GM12878_TAF1_HudsonAlpha,0.87716,0.77943,0.80741,0.68386
TAF1_GM12891_TAF1_HudsonAlpha,0.84926,0.73888,0.77037,0.69553
TAF1_GM12892_TAF1_HudsonAlpha,0.86068,0.76735,0.75718,0.70711
TAF1_H1-hESC_TAF1_HudsonAlpha,0.84912,0.77547,0.75751,0.67049
TAF1_HeLa-S3_TAF1_HudsonAlpha,0.84456,0.71203,0.77301,0.64325
TAF1_HepG2_TAF1_HudsonAlpha,0.87670,0.75426,0.67316,0.65970
TAF1_K562_TAF1_HudsonAlpha,0.85592,0.80614,0.80176,0.68392
TAF1_PFSK-1_TAF1_HudsonAlpha,0.83754,0.78212,0.76543,0.64690
TAF1_SK-N-SH_TAF1_HudsonAlpha,0.86144,0.74691,0.79206,0.65957
TAF7_H1-hESC_TAF7_(SC-101167)_HudsonAlpha,0.79511,0.67982,0.65489,0.59727
TAF7_K562_TAF7_(SC-101167)_HudsonAlpha,0.70282,0.63769,0.62606,0.57231
TAL1_K562_TAL1_(SC-12984)_Stanford,0.98762,0.97456,0.96044,0.96440
TBL1XR1_GM12878_TBLR1_(ab24550)_Stanford,0.89857,0.79143,0.76949,0.69380
TBL1XR1_K562_TBLR1_(NB600-270)_Stanford,0.93669,0.88521,0.74361,0.67719
TBL1XR1_K562_TBLR1_(ab24550)_Stanford,0.83526,0.83008,0.85302,0.78722
TBP_GM12878_TBP_Stanford,0.76704,0.78880,0.65584,0.57777
TBP_H1-hESC_TBP_Stanford,0.73378,0.80947,0.74194,0.65169
TBP_HeLa-S3_TBP_Stanford,0.76027,0.76686,0.72498,0.57250
TBP_HepG2_TBP_Stanford,0.78974,0.81478,0.75253,0.60082
TBP_K562_TBP_Stanford,0.79809,0.71588,0.72500,0.60780
TCF12_GM12878_TCF12_HudsonAlpha,0.93553,0.87923,0.88975,0.88183
TCF12_H1-hESC_TCF12_HudsonAlpha,0.93035,0.90006,0.88494,0.86284
TCF12_HepG2_TCF12_HudsonAlpha,0.86657,0.83516,0.72391,0.72795
TCF3_GM12878_TCF3_(SC-349)_HudsonAlpha,0.89812,0.83052,0.84858,0.83043
TCF7L2_HCT-116_TCF7L2_USC,0.95566,0.90004,0.88263,0.87545
TCF7L2_HEK293_TCF7L2_USC,0.87968,0.83318,0.85302,0.83287
TCF7L2_HeLa-S3_TCF7L2_C9B9_(2565)_USC,0.90857,0.91679,0.87465,0.87840
TCF7L2_MCF-7_TCF7L2_USC,0.89539,0.88188,0.85236,0.85928
TCF7L2_PANC-1_TCF7L2_USC,0.85278,0.83475,0.83362,0.80851
TEAD4_H1-hESC_TEAD4_(SC-101184)_HudsonAlpha,0.98956,0.98170,0.96941,0.96600
TEAD4_HepG2_TEAD4_(SC-101184)_HudsonAlpha,0.95197,0.89295,0.90606,0.88746
TEAD4_K562_TEAD4_(SC-101184)_HudsonAlpha,0.96716,0.93851,0.83361,0.93008
TFAP2A_HeLa-S3_AP-2alpha_USC,0.97343,0.94638,0.87227,0.92626
TFAP2C_HeLa-S3_AP-2gamma_USC,0.96706,0.92482,0.91032,0.90308
THAP1_K562_THAP1_(SC-98174)_HudsonAlpha,0.83479,0.81224,0.81379,0.63632
TRIM28_K562_TRIM28_(SC-81411)_HudsonAlpha,0.84043,0.86927,0.83231,0.82466
UBTF_K562_UBF_(sc-13125)_Stanford,0.76344,0.69075,0.58780,0.59041
UBTF_K562_UBTF_(SAB1404509)_Stanford,0.74046,0.73828,0.62902,0.57923
USF1_GM12878_USF-1_HudsonAlpha,0.98789,0.98842,0.98475,0.98354
USF1_H1-hESC_USF-1_HudsonAlpha,0.99852,0.99383,0.99565,0.99454
USF1_HepG2_USF-1_HudsonAlpha,0.99298,0.99457,0.99226,0.99324
USF1_K562_USF-1_HudsonAlpha,0.99311,0.98913,0.97696,0.98967
USF1_SK-N-SH-(Retinoic-Acid)_USF1_(SC-8983)_HudsonAlpha,0.99525,0.99046,0.97817,0.98735
USF2_GM12878_USF2_Stanford,0.99115,0.98154,0.97816,0.98527
USF2_H1-hESC_USF2_Stanford,0.99744,0.99437,0.98588,0.99326
USF2_HeLa-S3_USF2_Stanford,0.99604,0.98841,0.98743,0.98796
USF2_HepG2_USF2_Stanford,0.99467,0.99154,0.99378,0.99162
USF2_K562_USF2_Stanford,0.99153,0.99280,0.99113,0.98862
WRNIP1_GM12878_WHIP_Stanford,0.74653,0.60439,0.56527,0.48690
YY1_GM12878_YY1_(SC-281)_HudsonAlpha,0.97743,0.97980,0.91707,0.96307
YY1_GM12891_YY1_(SC-281)_HudsonAlpha,0.98370,0.98961,0.98403,0.98738
YY1_GM12892_YY1_HudsonAlpha,0.98058,0.99019,0.97654,0.97739
YY1_H1-hESC_YY1_(SC-281)_HudsonAlpha,0.98488,0.98685,0.96812,0.96821
YY1_HCT-116_YY1_(SC-281)_HudsonAlpha,0.97889,0.98241,0.96714,0.96961
YY1_HepG2_YY1_(SC-281)_HudsonAlpha,0.97619,0.97782,0.94173,0.95510
YY1_K562_YY1_(SC-281)_HudsonAlpha,0.98619,0.98685,0.95954,0.97442
YY1_K562_YY1_HudsonAlpha,0.98677,0.98733,0.97726,0.98653
YY1_NT2-D1_YY1_USC,0.98997,0.98682,0.94842,0.98252
YY1_SK-N-SH-(Retinoic-Acid)_YY1_(SC-281)_HudsonAlpha,0.98173,0.98407,0.93567,0.97439
ZBTB33_GM12878_ZBTB33_HudsonAlpha,0.92735,0.90013,0.87975,0.87044
ZBTB33_HCT-116_ZBTB33_HudsonAlpha,0.84846,0.79409,0.83508,0.77084
ZBTB33_HepG2_ZBTB33_HudsonAlpha,0.90435,0.90731,0.85139,0.80621
ZBTB33_K562_ZBTB33_HudsonAlpha,0.91227,0.87914,0.86902,0.86299
ZBTB7A_HepG2_ZBTB7A_(SC-34508)_HudsonAlpha,0.87414,0.80072,0.77424,0.74458
ZBTB7A_K562_ZBTB7A_(SC-34508)_HudsonAlpha,0.87616,0.81379,0.75900,0.73978
ZEB1_GM12878_ZEB1_(SC-25388)_HudsonAlpha,0.91269,0.88656,0.87471,0.85414
ZNF143_GM12878_Znf143_(16618-1-AP)_Stanford,0.97164,0.98193,0.94956,0.90520
ZNF143_H1-hESC_Znf143_(16618-1-AP)_Stanford,0.98237,0.98293,0.98211,0.95195
ZNF143_HeLa-S3_Znf143_(16618-1-AP)_Stanford,0.99150,0.99078,0.98331,0.96926
ZNF143_K562_Znf143_(16618-1-AP)_Stanford,0.97983,0.99039,0.98572,0.95406
ZNF217_MCF-7_ZNF217_USC,0.87329,0.70863,0.72666,0.66878
ZNF263_HEK293-T-REx_ZNF263_USC,0.94919,0.89794,0.86108,0.74860
ZNF263_K562_ZNF263_USC,0.89403,0.87904,0.82463,0.82975
ZNF274_K562_ZNF274_(M01)_USC,0.90856,0.81521,0.70399,0.70364
ZNF274_K562_ZNF274_USC,0.93479,0.92770,0.90175,0.88314
